Date,Dew Point Temperature (F),Average Temperature (F),Visibility (mi),Average Wind Speed (knots),Maximum Sustained Wind Speed (knots),Maximum Gust (knots),Maximum Temperature (F),Minimum Temperature (F),Precipitation (in)
1/1/19,38.9,48.4,5.9,9.1,13.6,19.4,52.2,43.7,0
1/2/19,42.3,47.7,5.7,7.8,11.7,999.9,51.6,44.6,0
1/3/19,46,56.3,5.8,4.7,9.7,999.9,60.8,47.1,0.01
1/4/19,54.3,58.4,3.1,2.5,7.8,999.9,62.2,53.6,0.02
1/5/19,51,56.7,4.5,7.2,11.7,999.9,61.5,51.8,0
1/6/19,49.4,55.7,5.3,4.4,9.7,999.9,60.6,52.3,0
1/7/19,52.9,59.2,3.6,4.7,9.7,15.5,64.6,55,0
1/8/19,47.4,56.4,6.5,7.6,11.7,999.9,61,52.3,0.05
1/9/19,49.3,58.2,5,5.3,9.7,999.9,66.9,52.2,0.04
1/10/19,53.7,62.1,3.6,3.9,5.8,999.9,70.3,55.2,0
1/11/19,56.3,64.4,2.8,4.6,7.8,17.5,73.4,59,0
1/12/19,54.9,63.5,5.1,3.6,7.8,999.9,69.8,58.3,0
1/13/19,55.6,64.5,4.2,3.8,9.7,999.9,70.5,59.5,0
1/14/19,56,66.2,4.1,4,9.7,999.9,73.4,60.1,0
1/15/19,49.5,60.8,5.4,10,13.6,999.9,68.9,53.6,0
1/16/19,42.4,55.5,6.4,9.2,15.5,999.9,59,51.8,0
1/17/19,41.8,56.7,6.2,6.9,13.6,999.9,66.2,48,0
1/18/19,46.3,59.4,5.4,3.2,5.8,999.9,64.8,47.1,0
1/19/19,54,66.1,3.9,3.2,5.8,999.9,75.2,57.9,0
1/20/19,49,61.9,5.1,10,19.4,21.4,75.9,53.6,0
1/21/19,39.6,56.4,5.3,9.7,15.5,19.4,64.4,47.8,0
1/22/19,34.5,56.1,5.3,6.7,13.6,999.9,66.2,46.2,0
1/23/19,35.2,59,5.6,3.2,7.8,999.9,69.8,43,0
1/24/19,42.6,61.6,5,2.4,5.8,999.9,71.6,47.5,0
1/25/19,46.3,66.5,4.3,5.9,11.7,15.5,75.2,49.3,0
1/26/19,37.8,62.6,6.2,6.7,13.6,21.4,71.6,49.1,0
1/27/19,44.5,62,4.8,2.7,5.8,999.9,71.6,47.7,0
1/28/19,49.1,63.6,4.7,2.8,3.9,999.9,73.4,51.6,0
1/29/19,50,66.3,5.4,3.2,5.8,999.9,77,51.1,0
1/30/19,55.1,69.1,5.3,4.3,9.7,999.9,80.6,51.4,0
1/31/19,51.5,66.9,5.7,9.3,13.6,23.3,78.8,55.4,0
2/1/19,44,59.3,6.7,5.3,11.7,999.9,62.6,54.7,0
2/2/19,55.7,67,4.9,2.7,5.8,999.9,71.1,56.7,0
2/3/19,61.9,70.8,4.3,2.2,5.8,999.9,79,61.9,0
2/4/19,60.8,72.6,4.6,3.6,9.7,999.9,80.6,61.9,0
2/5/19,62.6,72.1,4.2,5.3,13.6,999.9,80.6,66.2,99.99
2/6/19,63.5,75.2,5.4,7.7,13.6,999.9,84.2,67.8,0
2/7/19,64.9,74.3,5.8,5.4,11.7,999.9,84.2,66.2,0
2/8/19,63.7,74.1,5.9,7.4,13.6,999.9,82.4,64.9,0
2/9/19,55.8,61.4,4.9,5.5,7.8,15.5,71.6,53.6,0.04
2/10/19,50.4,54.4,5.1,6.4,9.7,999.9,62.1,49.6,0.01
2/11/19,45.6,53.7,6.7,6.3,9.7,999.9,57,49.3,0
2/12/19,55.1,66.7,5.6,2.5,5.8,999.9,75.2,53.6,0
2/13/19,60.2,69.2,4.3,2.4,5.8,999.9,75.6,60.1,0
2/14/19,60.6,69.8,4.1,3.5,5.8,999.9,78.8,59.9,99.99
2/15/19,61.9,68.9,3.8,3.7,5.8,999.9,71.6,64.4,0
2/16/19,57.5,67,3.9,5.3,9.7,999.9,78.8,57.2,0
2/17/19,50.9,58.2,5.3,5.3,9.7,999.9,65.8,55.4,0.01
2/18/19,57.1,59.8,5,4.5,15.5,999.9,62.6,55.4,1.32
2/19/19,59.6,66.2,6.1,2.4,5.8,999.9,73,58.6,0.03
2/20/19,68,75.5,5.7,6.5,13.6,999.9,82.4,68,0
2/21/19,56.5,61.8,4.8,9.1,23.3,999.9,75.2,51.8,4.23
2/22/19,47.4,58.4,6.6,8.3,13.6,17.5,67.1,51.8,0.06
2/23/19,47.3,51,4.9,7.2,11.7,19.4,53.6,48,0.67
2/24/19,47,56,6,5.4,7.8,13.6,60.8,47.8,0.07
2/25/19,48.6,54.3,4.7,4,7.8,17.5,57.2,52.3,0.03
2/26/19,54.1,59.5,4,3.2,7.8,999.9,66.6,52.3,0.02
2/27/19,61.2,67.3,2.1,2.6,5.8,13.6,74.7,59.9,0.02
2/28/19,55.2,62.9,4.5,4.5,9.7,999.9,74.8,60.8,0
3/1/19,61.6,69.8,3.7,2.9,7.8,999.9,77,60.8,0
3/2/19,65.2,70.3,4.2,4.5,25.3,36.9,77,59,0.22
3/3/19,55.8,65.9,6.6,4.6,9.7,999.9,75.2,58.5,0.45
3/4/19,59.9,68.2,4.7,4.2,7.8,999.9,73.4,57.4,0.8
3/5/19,64.5,68.5,4.1,5.2,13.6,23.3,73.4,63.7,0.16
3/6/19,57,62.1,6.5,7.2,17.5,999.9,66.2,57.2,0.11
3/7/19,52.7,56.8,6,5.7,9.7,999.9,59,55.2,0.77
3/8/19,53.6,57.3,5,3.4,5.8,999.9,59,55,0.5
3/9/19,54,58.4,4.6,6.3,9.7,999.9,60.8,55.4,1.73
3/10/19,52.6,59.7,5.9,6.2,11.7,999.9,64.4,55,0.19
3/11/19,51.9,65.6,5.7,3.8,7.8,999.9,77,54.5,0.14
3/12/19,52.4,69.2,5.1,3,5.8,999.9,79.2,53.6,0
3/13/19,57,70.6,4.2,3.1,5.8,999.9,80.6,56.1,0.18
3/14/19,58.6,65.6,5.1,6.5,11.7,19.4,68,60.8,0.4
3/15/19,52.1,64.4,6,4.9,9.7,999.9,68,57,0.07
3/16/19,53.8,69.2,5.9,3.6,5.8,999.9,75.2,60.1,0
3/17/19,56.2,69.6,5.5,2.9,7.8,999.9,77,62.1,99.99
3/18/19,59.9,67.6,3.5,3.2,5.8,999.9,74.3,64.4,0
3/19/19,65.1,75.1,4.4,4.9,11.7,999.9,82.4,64,0
3/20/19,68.1,75.1,4.9,5.6,13.6,999.9,78.8,71.6,99.99
3/21/19,68.5,78.6,5.9,6.2,11.7,999.9,86,71.6,0
3/22/19,64,72.5,5.8,7.5,11.7,999.9,84.2,62.1,0.47
3/23/19,51.7,57.6,5.8,8.3,11.7,999.9,62.6,53.2,0.09
3/24/19,52.9,57,5.4,4.5,11.7,17.5,59,53.1,0.23
3/25/19,59.3,67.7,6.6,3.1,9.7,999.9,75.2,56.3,0.17
3/26/19,63.6,71.7,4.6,3,7.8,999.9,77,65.3,0
3/27/19,65.7,74.5,4.8,4.1,11.7,999.9,82.4,67.3,0
3/28/19,68.5,77.3,4.3,4.3,9.7,999.9,82.4,70.7,99.99
3/29/19,66.2,71.1,5.3,4.4,11.7,999.9,78.8,66.2,0.57
3/30/19,65.7,76.6,5.2,4,7.8,999.9,82.4,66.2,0
3/31/19,64.1,71.3,5.2,5.3,9.7,999.9,77,62.6,0.13
4/1/19,57.6,63.3,5.3,4.5,7.8,999.9,65.5,60.8,0
4/2/19,62.6,71.2,3.7,3.6,5.8,999.9,75.6,61.7,0
4/3/19,64.8,73.2,4.3,4.8,9.7,999.9,79.3,64.4,0.08
4/4/19,62.7,67.4,3.7,3.7,7.8,999.9,71.2,64.4,0.07
4/5/19,63.7,73.1,5.4,3.7,9.7,999.9,80.6,64.2,0
4/6/19,67.5,78.5,4.5,3.9,5.8,999.9,86,64,0
4/7/19,70.3,79.9,5.7,4.6,7.8,13.6,87.8,71.4,0
4/8/19,71.4,81.3,6.1,6.8,9.7,999.9,87.8,73.4,0
4/9/19,71.4,80.9,6.3,5.4,9.7,999.9,87.8,76.1,0
4/10/19,72,82.8,6.2,4.9,7.8,999.9,89.6,75.9,0
4/11/19,65,72,5.8,7,17.5,23.3,84.2,62.6,0.17
4/12/19,61.6,65,4.1,5.2,9.7,999.9,66.6,60.8,0.94
4/13/19,65.9,69.6,3.7,3.6,7.8,999.9,71.6,64.6,0.39
4/14/19,67.2,72.9,4.9,5,9.7,999.9,77,66.9,0.09
4/15/19,64,67.1,4.3,4.9,11.7,999.9,70.2,65.7,0.82
4/16/19,64.7,69.9,4.8,2.9,9.7,999.9,76.5,65.5,1.24
4/17/19,66.8,76.8,4.1,3.2,5.8,999.9,82.4,65.3,0.37
4/18/19,69.2,74,2.7,4.9,17.5,33,77,68,1.21
4/19/19,67.6,70.3,3.7,4.1,9.7,999.9,71.6,68.7,3.11
4/20/19,69.9,73.6,4,4.1,9.7,13.6,77,69.1,1.92
4/21/19,72.6,76.3,2.9,3.1,5.8,999.9,78.6,72,0.02
4/22/19,71.5,76.1,4.3,4.8,11.7,21.4,84.2,71.6,1.2
4/23/19,73.6,83,5.9,4.9,9.7,19.4,89.6,72.1,1.2
4/24/19,72.7,82.6,6.3,4.1,7.8,999.9,89.6,76.1,0
4/25/19,73,83.8,5.8,4.9,9.7,999.9,89.6,75.6,0
4/26/19,70.4,77.7,5,6,15.5,21.4,86,69.8,1.93
4/27/19,67.8,71.1,5,5,13.6,999.9,73.4,69.8,1.93
4/28/19,70.9,77.5,5.3,3.4,5.8,999.9,82.4,69.6,0
4/29/19,72.9,80.1,5.7,4.3,9.7,999.9,86,74.3,0
4/30/19,66.7,73.6,5.7,7.3,13.6,23.3,80.6,66.2,1
5/1/19,60.4,72.5,6.7,6.5,13.6,999.9,77,67.1,0
5/2/19,62.9,68.3,5.8,4.4,7.8,999.9,71.6,65.3,0.45
5/3/19,62.7,73.3,5.9,3.9,7.8,999.9,78.8,65.3,0
5/4/19,63.9,68.1,3.3,2.8,7.8,999.9,73.9,63.7,0.76
5/5/19,64.4,67.5,5,3.2,7.8,999.9,68.2,63.1,0.37
5/6/19,64.6,68.5,5.4,4.2,7.8,999.9,71.6,66.2,0.09
5/7/19,63.6,69.6,6,4.1,7.8,999.9,73.4,65.8,0.35
5/8/19,64.7,68.2,5.2,3.2,5.8,999.9,69.8,65.8,0.44
5/9/19,66,76,6.5,4,9.7,999.9,80.6,66.7,0.44
5/10/19,67.8,78.8,5.3,3.1,9.7,999.9,86,71.1,0
5/11/19,69.6,81.6,3,3.2,5.8,13.6,89.6,70.9,0
5/12/19,68.2,82.9,5.9,4,7.8,999.9,89.6,70.3,0
5/13/19,71.1,83.6,6.3,4.6,9.7,999.9,89.6,72.5,0
5/14/19,73.2,83.6,6.1,4.1,9.7,999.9,89.6,77.5,0
5/15/19,75.8,85.1,6.1,5.8,11.7,25.3,91.4,78.3,0.3
5/16/19,76.9,86.6,5.9,4.9,9.7,999.9,95,79.5,0.07
5/17/19,77.4,85.1,6,4.5,11.7,999.9,95,78.8,0.64
5/18/19,78,88.2,6.1,5.7,9.7,999.9,95,78.6,0.02
5/19/19,77.5,88,6.2,6.7,15.5,999.9,96.8,73.4,0.02
5/20/19,70.3,80.7,6.4,7.5,15.5,999.9,88.2,74.7,0.07
5/21/19,70.7,78.7,4.5,3.9,5.8,999.9,82.4,74.5,0.01
5/22/19,72.2,79,3.4,3.2,9.7,999.9,83.1,74.3,0.71
5/23/19,73.3,77.8,4.7,4.7,7.8,999.9,80.6,75,3
5/24/19,72.9,79.9,4.8,4.9,7.8,999.9,86,73.9,0.01
5/25/19,74.3,80.8,5.9,4.4,9.7,999.9,84.2,75.2,1.17
5/26/19,75.3,82.5,6.2,5.3,11.7,999.9,87.8,75.4,1.2
5/27/19,75.5,81,6.4,4,7.8,999.9,86,75.7,0.35
5/28/19,74.8,80.4,5.5,4.2,7.8,15.5,84.2,75.2,2.83
5/29/19,72.2,77.3,6,5.4,7.8,999.9,80.6,74.1,0.34
5/30/19,72.9,77.5,4.6,3.8,5.8,999.9,80.6,73.6,0.35
5/31/19,75,80.1,4.4,2.5,3.9,999.9,86,74.7,0.24
6/1/19,75.4,79.1,4.2,3,13.6,999.9,87.8,75.2,0.81
6/2/19,76,81,5.1,4.6,11.7,999.9,86,76.5,0.19
6/3/19,75.5,82.9,5.2,4.7,7.8,999.9,91.4,77.4,0.01
6/4/19,74.4,80.5,5.5,4.5,25.3,999.9,91.4,73.4,1.63
6/5/19,76.9,80.5,5,3.9,15.5,999.9,89.6,74.1,0.47
6/6/19,76.8,83.2,6,4.8,13.6,999.9,91.4,75.7,2.56
6/7/19,75.7,86.5,6.4,5.7,11.7,999.9,93.2,75.7,99.99
6/8/19,75.8,86.5,6.4,5.7,15.5,19.4,95,77,0.04
6/9/19,75.7,88.1,6.6,8.1,13.6,999.9,93.2,77,0
6/10/19,75.9,80.5,5.3,4.6,17.5,25.3,91.4,75,2.66
6/11/19,75.2,79.3,4.8,3.2,15.5,999.9,84.2,74.5,1.17
6/12/19,76.2,80.3,3.6,4,13.6,27.2,87.8,74.1,0.26
6/13/19,75,82.6,5.2,5.8,11.7,17.5,91.4,75.4,0.25
6/14/19,67.8,82.9,6.7,5.1,9.7,15.5,89.6,70.7,0
6/15/19,68.5,84.6,6.6,4.5,9.7,999.9,92.3,70.5,0
6/16/19,70.9,84.6,6.3,4.9,7.8,999.9,91.4,73.9,99.99
6/17/19,74.9,85.2,6.5,5.5,9.7,999.9,91.4,73.8,0.01
6/18/19,77.4,82.6,5.9,3.6,7.8,999.9,86,77.7,0.48
6/19/19,77.7,86.8,6.1,4.7,11.7,999.9,93.2,78.6,0.2
6/20/19,76.4,88.2,6.3,7,17.5,29.1,93.2,78.6,0
6/21/19,76.6,89.9,6.6,8.1,11.7,999.9,96.8,82.6,0
6/22/19,76.8,90.3,6.5,9.4,13.6,999.9,96.8,83.5,0
6/23/19,75.8,84.2,6.1,4.9,19.4,999.9,95,77.4,0.07
6/24/19,74.5,77.1,3.4,4,7.8,17.5,78.8,74.3,6.8
6/25/19,76.3,83.4,3.7,3.1,5.8,999.9,87.8,74.1,0.08
6/26/19,77.4,83.1,4.4,3.1,7.8,999.9,89.6,77,0.33
6/27/19,78.4,88.1,6.1,4.7,9.7,999.9,95,79.5,0.03
6/28/19,78.7,89.4,6.3,4.9,11.7,999.9,96.8,80.6,99.99
6/29/19,78.7,89.5,6.5,3.5,7.8,999.9,96.8,81.1,0
6/30/19,78,86.5,6.2,4.3,11.7,999.9,96.8,79.5,0.03
7/1/19,76.7,89.6,6.3,5.2,9.7,999.9,96.8,79.3,0
7/2/19,77.2,83.5,6.3,6.2,19.4,999.9,93.2,77.9,0.05
7/3/19,77,82.5,5.9,6.7,19.4,29.1,89.6,77.7,0.65
7/4/19,77.1,85.6,6.3,6.2,11.7,999.9,91.4,77.5,1.23
7/5/19,75.7,87.4,6.3,6.6,9.7,19.4,93.2,79.5,0.03
7/6/19,76.8,88.8,6.5,7.2,11.7,17.5,95,81.5,0
7/7/19,77.3,85.6,6.3,6,11.7,21.4,93.2,78.8,0.03
7/8/19,76.1,87.8,6.2,8.2,11.7,999.9,93.2,78.8,0
7/9/19,76.8,84.6,6.1,6.2,13.6,23.3,91.4,77.4,0.17
7/10/19,75.5,78.9,5.2,3.5,7.8,999.9,80.6,76.6,1.1
7/11/19,76.2,80.6,4.8,3.4,7.8,999.9,93.2,75.9,1.3
7/12/19,77.5,86.1,6.2,7,15.5,999.9,91.4,75,0.13
7/13/19,76.5,87.9,6.4,8.3,11.7,999.9,93.2,81.3,0.05
7/14/19,76.9,84.6,5.9,5.4,11.7,21.4,95,76.8,0.33
7/15/19,77.2,87.5,5.9,5.4,11.7,999.9,95,76.8,0
7/16/19,75.8,89.7,5.3,3,5.8,15.5,96.8,78.6,0
7/17/19,75.6,91.6,5.6,4.3,9.7,999.9,98.6,79,0
7/18/19,75.8,90.3,6.3,5.5,11.7,19.4,100.4,79.9,0
7/19/19,77.2,84.3,5.2,4.9,19.4,29.1,96.8,77.7,1.04
7/20/19,76.9,85.8,5.3,4.2,17.5,999.9,95,77.7,0.11
7/21/19,77.5,82.5,5,3.6,13.6,999.9,91.4,77.4,0.02
7/22/19,75.9,80.3,5.2,3.9,9.7,19.4,89.6,75.2,1.78
7/23/19,76.5,81.5,5.3,4,7.8,13.6,87.8,74.8,0.31
7/24/19,76.9,82.9,5.9,4,13.6,999.9,89.6,76.5,1.3
7/25/19,77,87.6,6.1,4.1,7.8,999.9,93.2,77.2,0
7/26/19,75.7,89,6.3,5.1,9.7,13.6,95.4,78.1,0
7/27/19,75.7,89.5,6.5,4.9,7.8,17.5,96.8,78.3,0
7/28/19,75.5,86,6.4,4.8,9.7,999.9,93.2,77.4,0
7/29/19,74.7,84.4,6.3,4.2,11.7,13.6,95,76.8,0.36
7/30/19,75.3,83.9,6.4,5.9,23.3,33,93.2,76.5,0.08
7/31/19,74.3,81.5,6.6,6.1,9.7,999.9,86,75.7,0.6
8/1/19,74.7,79.4,5.9,9.1,13.6,23.3,82.4,75.7,1.34
8/2/19,74.7,81.4,6.5,7.1,15.5,999.9,86,75.7,0.26
8/3/19,75.2,80.2,6.5,3.8,9.7,21.4,86,74.8,0.15
8/4/19,74,86.3,6.2,3.1,7.8,999.9,93.2,74.7,0
8/5/19,75.6,89.1,5.8,2,5.8,999.9,96.8,75.9,0
8/6/19,76,85.1,6,2.8,19.4,33,96.8,74.7,1.18
8/7/19,75.9,86,5.3,3.3,25.3,44.7,96.8,74.3,0.06
8/8/19,74.7,91.8,6.1,4.2,9.7,999.9,98.6,77.2,99.99
8/9/19,76,93.3,6.2,5.2,11.7,21.4,100.4,80.2,0
8/10/19,76.5,91.9,5.6,5.6,13.6,21.4,100.4,79.9,0.05
8/11/19,77.9,88.4,5.4,4.7,11.7,21.4,95,79.3,0.92
8/12/19,75,88,5.7,5,9.7,17.5,98.6,76.5,0.91
8/13/19,76.1,88.6,5.6,3.8,9.7,21.4,96.8,76.1,0.91
8/14/19,75.3,88.3,5.8,5,11.7,13.6,98.6,75.4,3.47
8/15/19,75.7,85.4,5,3.2,19.4,23.3,96.8,75,0.26
8/16/19,75.3,84.5,5.1,4.6,17.5,29.1,96.8,76.5,2.4
8/17/19,76.8,81.6,3.9,3.6,11.7,999.9,89.6,76.1,0.67
8/18/19,76.7,82.5,5.2,4,9.7,999.9,87.8,77.7,0.69
8/19/19,77,85.5,4.7,3.2,17.5,999.9,93.2,77.5,0.04
8/20/19,75.8,87.2,5.5,4.3,9.7,19.4,95,77.4,99.99
8/21/19,75.6,87.2,4.9,2.8,5.8,999.9,93.2,77,0
8/22/19,74.6,88.3,5.3,3.3,9.7,999.9,96.8,77.7,0
8/23/19,75.7,85.2,5,2.7,9.7,999.9,95,77.5,0
8/24/19,75.6,92.6,5.7,7.2,15.5,23.3,100.4,77.4,0.01
8/25/19,75.2,81.3,3.6,7.3,17.5,21.4,89.6,75.2,4.17
8/26/19,75.9,80.4,5.6,4.5,15.5,999.9,86,75.2,0.2
8/27/19,77.1,85,5.6,3.2,7.8,999.9,91.4,77,0.12
8/28/19,77.1,90.1,6,4.9,9.7,999.9,96.8,76.8,0.12
8/29/19,76.6,86,6.3,5.5,17.5,31.1,96.8,79,0.93
8/30/19,75.6,82.1,6.3,4.5,7.8,999.9,87.8,77,0.48
8/31/19,75.4,81.3,5.8,4,9.7,999.9,89.6,76.1,0.16
9/1/19,74.4,80.9,6,6.2,15.5,21.4,93.2,74.3,0.63
9/2/19,73.9,79.3,6.5,5.4,13.6,999.9,89.6,74.3,0.83
9/3/19,72.8,83.3,6.5,7.5,13.6,17.5,89.6,74.1,0.39
9/4/19,74.6,83.1,5.9,5.3,11.7,999.9,89.6,76.1,0.01
9/5/19,75.1,82,6.4,4.7,11.7,999.9,91.4,75.7,0.06
9/6/19,74.5,85.4,6.5,3.5,11.7,999.9,95,75.6,99.99
9/7/19,76.3,89,5.9,2.9,5.8,999.9,96.8,76.8,0
9/8/19,75.8,86.3,5.1,3.2,11.7,999.9,96.8,76.3,0.9
9/9/19,76,86.9,5.3,4.1,11.7,999.9,93.2,75.4,0
9/10/19,74.8,88.2,6,4.5,7.8,999.9,95,77,0
9/11/19,73.7,88.6,6,4,5.8,15.5,96.8,76.6,0
9/12/19,75.1,89.4,5.8,3.8,7.8,999.9,96.8,76.5,0
9/13/19,76.8,89.1,6.3,3.6,5.8,999.9,96.8,79.7,99.99
9/14/19,75.9,83.3,5.2,4.1,17.5,27.2,91.6,75.2,0.14
9/15/19,74.7,84.8,6.3,4,7.8,19.4,91.4,76.8,0.01
9/16/19,74.8,83.7,5.8,3.9,9.7,999.9,93.2,76.3,0.62
9/17/19,76,84.4,4.3,2.8,9.7,13.6,93.2,74.8,0.52
9/18/19,68.3,86.7,6.4,8.7,13.6,19.4,93.2,75.4,0.15
9/19/19,62.9,84.5,6.2,8.2,13.6,19.4,93.2,68.9,0
9/20/19,55.3,84.1,6.4,8.8,15.5,31.1,91.4,67.6,0
9/21/19,57.9,80.9,6.7,8.9,15.5,25.3,89.6,68.2,0
9/22/19,52.8,80.8,6.6,8.3,17.5,25.3,87.8,65.7,0
9/23/19,57.4,80.8,6.7,5.4,15.5,999.9,89.6,65.3,0
9/24/19,53.8,80.7,6.4,5.1,9.7,19.4,91.4,64,0
9/25/19,57,80.8,6.2,4.2,7.8,999.9,91.4,65.3,0
9/26/19,60.6,81.2,6,3.6,7.8,999.9,91.4,65.7,0
9/27/19,59.5,82.4,6.1,4.2,9.7,999.9,93.2,66.9,0
9/28/19,60.4,83.3,6.2,3.8,5.8,999.9,93.2,66.6,0
9/29/19,60.2,84,5.9,3.6,7.8,999.9,95,69.1,0
9/30/19,62,85.9,6.1,4.5,9.7,19.4,95,68.4,0
10/1/19,65.9,86.3,5.6,3.1,5.8,999.9,96.8,70,0
10/2/19,68.7,87,4,2.7,5.8,999.9,96.8,70.9,0
10/3/19,68.2,85.3,5.5,3.6,5.8,999.9,93.2,71.6,0
10/4/19,66.7,84.9,5.9,3.5,5.8,11.7,95,71.4,0
10/5/19,67.8,85.7,5.6,4,7.8,999.9,95,71.2,0
10/6/19,68.2,83.8,6.2,5,11.7,999.9,93.2,72.3,0.1
10/7/19,73.3,80,4.6,3.2,7.8,999.9,87.8,71.8,0.17
10/8/19,70.9,82.8,4.4,4.9,9.7,999.9,89.6,73.4,0.67
10/9/19,71.6,81,3.9,3.4,7.8,999.9,86,73.8,0
10/10/19,71.3,83.7,3.6,2.9,5.8,999.9,89.6,73,0
10/11/19,71.3,84.5,4.1,2.9,5.8,999.9,93.2,72.9,0
10/12/19,71.6,85,4,3.3,11.7,15.5,95,73,0.59
10/13/19,70.5,80.6,5,4.7,9.7,999.9,86,72,0.01
10/14/19,64.2,80.8,6.1,8.8,13.6,21.4,86,69.3,0.01
10/15/19,64.3,78.9,6.2,6.9,13.6,999.9,86,68.9,0
10/16/19,63,77.8,6.2,5.3,9.7,999.9,84.2,66.2,99.99
10/17/19,59.1,78.6,6.2,8.3,11.7,999.9,86,65.8,0
10/18/19,56.8,78.1,6.5,6.6,11.7,17.5,86,67.3,0
10/19/19,58.6,78.1,6.4,4.6,7.8,999.9,87.8,64.9,0
10/20/19,55.7,77.6,6.1,3.8,7.8,999.9,87.8,63.7,0
10/21/19,57.6,76.8,5.6,4,7.8,999.9,87.8,63.5,0
10/22/19,61.5,78.2,5.3,4.1,5.8,999.9,84.2,64.6,0
10/23/19,62.3,78.4,5.4,5.6,9.7,999.9,86,66.2,0
10/24/19,62.1,76.6,6.1,5.7,9.7,19.4,84.9,66.6,0
10/25/19,65.2,80.4,5,3.5,7.8,999.9,86,66.2,99.99
10/26/19,61.4,74.5,5.5,7.4,11.7,999.9,81.7,68.2,0
10/27/19,60.4,75.1,5.8,5,7.8,999.9,82.4,68,0
10/28/19,58,66.7,6.3,9.1,15.5,999.9,72.9,60.8,0
10/29/19,47,72.3,6.6,8,15.5,999.9,82.4,60.1,0
10/30/19,47.9,72.7,6.5,4.9,11.7,999.9,80.6,59.5,0
10/31/19,54,73.9,5.4,3.2,7.8,999.9,78.8,62.1,99.99
11/1/19,59.1,78.7,5.6,3.4,7.8,999.9,89.6,62.4,99.99
11/2/19,59.8,80.4,5.4,2.9,7.8,999.9,89.6,65.7,0
11/3/19,54.5,79,6.4,10.6,13.6,14.8,87.8,66.7,0
11/4/19,46,76.2,6,10.9,17.5,25.3,87.3,64.4,0
11/5/19,49.8,72.8,6.2,6,13.6,21.4,80.6,56.7,0
11/6/19,50.5,73.8,6.2,4,7.8,15.5,82.4,56.3,0
11/7/19,47.1,74,6.4,10,15.5,21.4,82.4,60.8,0
11/8/19,45.3,71.6,6.5,6.7,13.6,17.5,80.6,60.8,0
11/9/19,50.5,71.3,6.4,4.4,7.8,999.9,80.6,56.1,0
11/10/19,50.4,71.7,5.6,3.6,9.7,999.9,82.4,55.8,0
11/11/19,51.8,73,5.4,3.3,5.8,999.9,84.2,55.9,0
11/12/19,60.8,73.8,4.7,3.6,7.8,999.9,82.4,57.6,0
11/13/19,57.4,75.3,5.5,9.2,17.5,21.4,86,62.8,0
11/14/19,52.1,71.1,6.4,5.3,13.6,17.5,78.8,57.2,0
11/15/19,57.8,72.6,3.9,2.7,5.8,999.9,80.6,57.2,0
11/16/19,61.1,71.9,3.1,3.5,5.8,999.9,79.3,61.2,0
11/17/19,61.1,75.2,4.9,2.8,5.8,999.9,86,60.3,0
11/18/19,51.3,68.4,6.1,13.6,19.4,25.3,78.8,56.3,0
11/19/19,45.4,65.8,6.4,7.9,11.7,999.9,73.4,55,0
11/20/19,47.1,67.1,6.5,3.8,11.7,999.9,77,53.4,0
11/21/19,46.5,69.4,6.4,3.2,9.7,999.9,78.8,52.9,0
11/22/19,50.5,71.4,6.2,2,5.8,999.9,82.4,55.4,0
11/23/19,56.7,72.4,5,1.9,3.9,999.9,84.2,56.5,0
11/24/19,57.3,74.5,5.2,3,5.8,13.6,86,59.4,0
11/25/19,52.4,72.2,5.8,10,15.5,25.3,84.7,61,0
11/26/19,53.4,70.5,6.5,3.7,9.7,15.5,82.4,61.9,0
11/27/19,51,69.5,6.2,9.2,15.5,25.3,82.4,57.2,0
11/28/19,41.9,60.5,6.7,12.2,17.5,27.2,80.8,52.7,0
11/29/19,45.3,60.6,6.7,4.7,7.8,20.6,68.2,52.7,0
11/30/19,50.9,66.7,6.3,3.5,7.8,12.6,77,52.5,0
12/1/19,45.8,64.1,6.2,10.9,15.5,27.2,77,53.1,0
12/2/19,30.2,58.1,6.7,13.3,23.3,29.1,76.8,48.4,0
12/3/19,23.1,58.6,6.3,10.7,19.4,20.4,68,44.8,0
12/4/19,19.2,62.1,6.4,11.8,17.5,21,71.6,47.3,0
12/5/19,16.1,62.4,6.6,11.5,19.4,27.4,68.7,50,0
12/6/19,19.5,59.9,6.6,11.6,19.4,31.7,69.8,48.2,0
12/7/19,21.8,59.1,6.5,8.3,15.5,23.3,69.8,47.3,0
12/8/19,30.4,59.1,6.4,5.1,11.7,13,69.8,44.1,0
12/9/19,35,59.8,6.3,2.5,6,9.7,69.8,44.1,0
12/10/19,38.9,61.1,5.9,2.5,5.8,999.9,73.4,45,0
12/11/19,39.6,64,6.2,3.2,9.3,14.6,77.9,45.7,0
12/12/19,43.1,64.6,5.3,2.8,5.8,10.7,77.9,47.5,0
12/13/19,51.4,67,4.8,2.2,3.9,13.6,77,49.5,0
12/14/19,54.3,67.6,3.7,2.5,3.9,999.9,78.8,53.2,0
12/15/19,57.6,70,3.4,2.8,7.8,999.9,78.1,53.4,0
12/16/19,61,73.3,4.9,2.9,7.8,11.3,78.8,55.4,0
12/17/19,63.6,74.2,4.1,2.6,5.8,999.9,80.6,60.8,0
12/18/19,58.4,72.7,3.8,6.3,13.6,999.9,85.1,59,0.21
12/19/19,46.9,58.7,5,8.6,15.5,21.4,85.1,55.2,0.17
12/20/19,45.8,58.8,6.7,6,10.5,19.2,66.6,53.4,0
12/21/19,50.3,63.4,6.5,4,7.8,13,69.8,53.4,0
12/22/19,50.8,62.8,5.5,5.1,9.7,12.6,71.6,55.4,0
12/23/19,58.4,69.4,4,3.3,7.8,13,75.2,57.4,0
12/24/19,56.7,63.7,4.5,4.8,9.7,12.4,74.1,57.2,0
12/25/19,58.3,66.7,2.6,2.8,5.8,13.6,75.2,56.7,0
12/26/19,48.3,61.5,5.2,11.5,17.5,29.5,75,52.2,0
12/27/19,38.8,59.6,6.7,6.8,11.7,19.8,72.5,46.8,0
12/28/19,42.1,62.2,5,2.9,6,11.1,72,46.8,0
12/29/19,50.8,69,4.9,2.7,3.9,999.9,77,50.4,0
12/30/19,54.5,74.3,5.1,5.7,11.7,999.9,82.4,58.8,0
12/31/19,48.3,66.7,5.9,8.4,17.5,19,80.1,56.3,0
1/1/20,51.7,63,4.4,3.9,7.8,13,73.9,55,0
1/2/20,54.8,63.9,3.7,2.7,5.8,999.9,71.6,53.1,0
1/3/20,55.9,67.3,3.7,2.5,4.1,999.9,77,52.5,0
1/4/20,56.2,69.1,2.5,1.9,3.9,999.9,79.3,53.6,0
1/5/20,58.8,70.3,3.2,2.5,5.8,11.1,79.3,56.1,0
1/6/20,61.2,72.5,5.5,3,7.8,19.4,77.4,61,0
1/7/20,60.2,71.7,4.7,3.3,11.7,15.5,81.3,62.2,0
1/8/20,50.1,69.4,6.5,4.2,11.3,22.1,81.3,56.7,0
1/9/20,55.3,68.8,5.4,4.3,7.8,10.7,81,56.7,0
1/10/20,59.5,70.6,4.4,3.6,7.8,12,78.3,59.4,0
1/11/20,47.6,58.1,5.5,9.7,19.4,25.3,78.3,50,0
1/12/20,39.5,57.4,6.7,7.5,13.6,23.3,73.2,49.3,0.01
1/13/20,45.4,60,5.8,3.3,7.8,12,67.6,49.5,0.01
1/14/20,48,61.7,5.9,4.8,9.7,11.8,70.3,51.3,0
1/15/20,56,68,5.2,5.3,9.7,18.8,75.4,53.1,0
1/16/20,50.2,61.2,5.5,8.4,17.5,26,76.6,49.8,0.13
1/17/20,40.4,55.6,6.7,8.5,13.6,26,76.6,49.8,0.12
1/18/20,41.8,57.2,6.7,5.5,11.7,18.3,64.9,50.9,0
1/19/20,43,53.7,5.9,5.4,9.7,18.3,64.9,50.9,0
1/20/20,47.2,60.2,6.5,2.5,5.8,13,66.4,51.1,0
1/21/20,54.7,65.2,5,4.1,7.8,10.9,71.8,53.1,0
1/22/20,59.7,69.8,4.2,2.1,5.8,15.5,78.1,57,0
1/23/20,61.4,73.4,5.1,4,7.8,12.6,82.4,61.5,0
1/24/20,61.5,70.6,5.4,4.3,13.6,999.9,82.2,60.8,0
1/25/20,51.6,56.9,5.8,8.9,13.6,22.3,78.8,50,0.22
1/26/20,42.2,50.4,5.9,10.4,15.5,27,69.6,48.2,0.52
1/27/20,35.8,49.7,6.7,11.7,17.5,22.9,57,45,0
1/28/20,34.2,51.8,6.7,9.9,15.5,21.6,59.7,44.6,0
1/29/20,32.1,54,6.7,8.6,15.5,21.2,62.6,40.1,0
1/30/20,28.1,54.6,6.3,6.6,15.5,21.4,66.2,38.5,0
1/31/20,29.4,56.2,6.5,2.7,8,14.2,68,38.3,0
2/1/20,40.2,60,5.8,3.7,6.4,12,68.7,41.2,0
2/2/20,47.5,61.6,5,3.4,5.8,999.9,68.7,43.3,0
2/3/20,51.8,56.4,4.7,5.4,9.7,18.6,64.8,52.9,0.5
2/4/20,51.8,56.9,6.4,3.9,9.7,12.8,61.9,52.9,0.36
2/5/20,53.3,60.1,6.2,3.7,7.8,13.8,63.9,53.4,0.04
2/6/20,55.3,61.9,5.4,2.7,5.8,13.8,66.2,55.4,0
2/7/20,52.5,61,5.8,6.9,11.7,15,66.2,55.4,0.02
2/8/20,46.2,59.6,6.7,8.2,13.6,14.4,68,53.2,0
2/9/20,44.2,57.7,6.7,5.9,11.7,17.3,66.6,53.1,0
2/10/20,47.8,59.2,6.1,2.4,3.9,11.7,63.9,53.6,0
2/11/20,55.4,60.9,3.3,2.4,5.8,999.9,65.5,54.7,0.09
2/12/20,61.2,64.8,2.1,2.2,7.8,999.9,71.6,58.3,0.01
2/13/20,62.2,67.7,4.7,3.8,6.4,15.5,75.2,59.7,0.45
2/14/20,65.8,69.3,3.7,3.7,9.7,14.2,73.4,63.7,1.01
2/15/20,54.9,59.8,4.3,10.5,17.5,37.9,71.2,46.4,2.66
2/16/20,37.1,49,6.7,13.4,17.5,37.9,68.9,43.3,0.04
2/17/20,30.3,53.4,6.7,8.7,15.5,24.3,62.6,43.2,0
2/18/20,32.8,55.8,6.7,3.2,9.7,15,66.4,41.9,0
2/19/20,45.4,61.6,6.3,2.7,5.8,999.9,70.2,41.9,0
2/20/20,51.4,64.8,5.3,2.6,5.8,15.5,75.2,45,0
2/21/20,52.3,67.1,5,2.3,7.8,11.5,77.2,51.3,0
2/22/20,55.4,70.4,5.5,2.5,5.8,11.1,81.3,54,0
2/23/20,57.2,69.6,5.3,2.5,5.8,999.9,81.3,55.8,0
2/24/20,58.8,72,5.8,4.5,9.7,15.5,80.4,57,0
2/25/20,61.8,73.3,6.1,3.1,5.8,15.5,82.4,59.9,0
2/26/20,62.3,75.1,5.9,2.5,3.9,13.6,84.2,61.5,0
2/27/20,61.6,72.6,5.4,5.2,9.7,15.5,84.2,61.2,0
2/28/20,60.1,68.2,4.8,2.5,3.9,13.4,80.1,60.8,0
2/29/20,61.7,73.7,5.6,3.6,7.8,13.2,82.4,60.8,0
3/1/20,61.6,72.6,5.9,4.8,7.8,17.5,82,62.6,0
3/2/20,58.8,69.9,6.7,4.8,7.8,17.5,82,64.4,0
3/3/20,60.7,67.7,4.8,4,8.9,19,73.2,62.4,0.3
3/4/20,54.9,59.1,5.7,7,11.7,23.9,72.1,55.2,0.38
3/5/20,53.8,63.7,6.7,2.8,3.9,15.5,67.5,55,0
3/6/20,59.1,67.3,5.5,3.4,7.8,11.5,69.8,56.1,0
3/7/20,64.7,70.1,3.6,2.2,5.8,999.9,72.7,63.1,0.02
3/8/20,66.4,74.3,5.9,9.5,15.5,26.2,77,65.5,0
3/9/20,64.6,72.1,6,8.4,17.5,30.1,80.6,62.6,0.01
3/10/20,48.8,66.7,6.7,10.2,19.4,30.1,77,57.9,0.01
3/11/20,51.6,63.5,5.9,3.1,5.8,20.2,74.8,55.4,0
3/12/20,62,68.2,3.3,2.5,5.8,12.2,72.1,58.5,0
3/13/20,61.8,68.4,4.2,7.7,16.3,28.2,76.5,62.1,0.32
3/14/20,50.1,66.5,7.5,7.9,11.7,28.2,77.7,58.5,0.02
3/15/20,49.1,68.2,6.1,3.6,7.8,10.5,77.7,56.3,0
3/16/20,53.9,70.4,5.3,4.3,8.5,15.7,76.8,60.3,0
3/17/20,62.8,68,3.3,3.8,7.8,12.6,76.8,63.7,0
3/18/20,64,68.8,3.3,3.6,13.6,15.2,71.6,65.5,0.36
3/19/20,63.3,66.8,4.6,3,9.7,16.5,71.6,64.4,0.98
3/20/20,65.3,68.7,2.1,2.9,5.8,999.9,71.6,64.4,0.08
3/21/20,68.2,73,3.7,5.1,9.7,14.2,78.8,64.8,0.01
3/22/20,67.7,77.2,4.6,3.2,7.8,13.2,84.4,68,0
3/23/20,68.1,77.3,4.9,4.1,11.7,14,86,68,0
3/24/20,64.4,76.1,5.7,4.8,9.7,15,86,70,0
3/25/20,64.5,74.9,5.9,4.4,9.7,15,83.3,69.6,0.02
3/26/20,67.8,75.3,5.5,5.5,9.7,19.2,81.9,66.2,0.16
3/27/20,66,71,5.3,6.8,19.4,29.1,82.4,64.4,3.12
3/28/20,54.8,64.9,6.7,9.1,15,24.5,81.1,58.8,0.01
3/29/20,56.8,61.6,4.8,4.3,11.7,21.2,72.5,57.2,0.11
3/30/20,53.7,56.6,4.3,4.3,8.2,21.2,68.9,55.4,0.05
3/31/20,54,58.2,4.9,4.9,9.7,14.4,60.8,55.4,0.05
4/1/20,53.9,59.6,4.3,4.1,7.8,14.4,63,56.7,0.48
4/2/20,58,61.9,3.7,3.5,7.8,11.7,68,56.7,0.02
4/3/20,59.2,62,5,5,15.5,23.3,68,59.7,0.65
4/4/20,56.3,62.2,6.1,7,11.7,20.6,72.1,56.7,0.39
4/5/20,55.8,60.6,5.6,3.3,7.8,16.3,72.1,56.5,0.7
4/6/20,56.4,59.4,5,3.2,7.8,15.3,62.2,57.2,1.33
4/7/20,55.8,65.8,6.2,2.5,6.8,12.4,73,57.4,0
4/8/20,58.1,70.3,4.6,1.8,5.8,999.9,77.7,59.2,0
4/9/20,58.9,73.6,4.2,3.3,9.7,10.1,83.8,60.1,0
4/10/20,54.6,74.2,6.1,4.7,9.7,15.7,83.8,60.1,0
4/11/20,58.6,66.2,4.9,7.8,15.5,25.4,80.6,57.2,0.09
4/12/20,38.2,64.7,6.7,9.2,19.4,29.1,75.2,47.5,0.09
4/13/20,38.9,68.2,6.6,3.7,8.9,18.8,76.1,47.1,0
4/14/20,50,65.1,4.6,2.3,5.8,999.9,75.9,53.1,0
4/15/20,53.4,71.5,3.9,2.9,5.8,11.8,81.3,52.5,0
4/16/20,61.1,75.1,5,5.4,9.7,13.6,84.2,58.1,0
4/17/20,63.8,76.1,5.3,3,5.8,13.6,82.8,62.2,0
4/18/20,65.8,76.5,5.6,4.5,7.8,12,82.8,66.6,0
4/19/20,70.1,80.7,5.4,3.5,7.8,12.2,87.8,69.4,0
4/20/20,70.5,81.5,6.2,5.5,9.7,13.4,88.3,72.1,0
4/21/20,69.5,78.4,6.5,7.4,11.7,20.4,88.3,67.5,0.06
4/22/20,59.8,64.3,5.3,6.2,11.7,20.4,84.4,61.2,1.08
4/23/20,56.2,64.6,6.3,7.4,11.7,16.9,68,61.2,0.01
4/24/20,55.9,62.2,5.5,4.9,11.7,17.5,67.6,58.1,0.12
4/25/20,57.8,70.8,5.5,2.9,5.8,999.9,75.9,57.6,0.01
4/26/20,57.1,74.3,5.8,4.1,9.7,13.6,82.4,62.2,0
4/27/20,56.7,77.8,6.3,2.7,5.8,11.8,87.4,63.9,0
4/28/20,58.5,79.2,5.5,3.7,7.8,13.6,89.6,63.7,0
4/29/20,60.2,78.8,5.8,3.7,5.8,13,89.1,64.9,0
4/30/20,59.4,80.7,6.2,4.9,9.7,13.6,87.8,66.7,0
5/1/20,67.6,81.3,6.4,4.4,6.4,11.5,87.8,68.5,0
5/2/20,69.9,81.7,6.2,4.6,7.8,12.8,89.6,74.1,0
5/3/20,70.3,86.1,6.6,6.2,7.8,14.4,94.6,73.6,0
5/4/20,72.1,86.3,6.7,6.2,11.7,17.1,95,77,0
5/5/20,71.8,86.6,6.7,7.4,11.7,19.2,95,76.1,0
5/6/20,72.9,86.6,6.7,7.7,11.7,17.5,93.2,75.7,0
5/7/20,74.6,85.7,6.7,7.6,11.7,18.6,91.4,80.8,0
5/8/20,74.2,86.8,6.7,7.7,13.6,18.5,91.4,81.1,0
5/9/20,74.4,87.3,6.7,7.3,11.7,16.7,93.2,81.1,0
5/10/20,72.6,79.3,6.6,4.4,13.6,23.9,90.1,73.9,0.92
5/11/20,71.5,79.8,5.8,4.7,9.7,25.4,91.4,73.2,0.87
5/12/20,68.9,81.3,6.2,5,9.7,13.2,90.3,73,0
5/13/20,69.5,81.9,5.4,6.1,11.7,25.4,89.6,73.4,0.48
5/14/20,71.9,80.8,5.7,6.7,11.7,21.8,88.9,73.8,0.09
5/15/20,73.2,84,6,6.5,13,20.4,91.4,76.3,0.02
5/16/20,71.6,81,5.6,4.3,17.5,53.6,91.4,72.3,1.3
5/17/20,71.1,80.4,5,3.3,11.7,23.9,91.4,71.6,0.57
5/18/20,72,80.7,5.2,4.1,9.7,23.9,91.4,72.5,0
5/19/20,71.9,82.7,6.1,4.2,7.8,13.4,91.2,72.3,0.16
5/20/20,74.9,81.2,5.2,5.8,17.5,27.2,91.2,75.2,3.47
5/21/20,76.9,81.2,3.1,4.5,11.7,24.1,88.2,75.9,8.62
5/22/20,71.7,81,6.6,5.7,11.7,24.1,87.3,75.6,0.03
5/23/20,71.9,81.7,5.9,3.7,5.8,9.9,87.8,75,0.06
5/24/20,72.2,82.2,5.4,3.4,7.8,10.5,87.8,74.5,0.02
5/25/20,75.5,81.7,4.8,4.8,7.8,11.8,86,76.6,0.21
5/26/20,73.3,84.3,5.9,5.3,9.7,19.4,93,77,0.09
5/27/20,68.4,79.4,6.1,5.5,10.9,16.5,93,73.2,0.38
5/28/20,71.5,81.7,5.4,2.9,5.8,999.9,86.9,73.2,0.06
5/29/20,75.3,82.3,5.5,5.4,13.6,28.6,87.8,75.6,0.48
5/30/20,75.3,80.9,4.6,4.8,9.7,11.7,87.1,75.6,0.2
5/31/20,74.6,78.5,5,4.7,15.5,25.3,88.9,75.2,3.56
6/1/20,74,78.2,4.9,4.7,19.4,33,88.9,75.6,0.42
6/2/20,73.7,80.1,5.9,4.8,11.7,17.5,86.5,76.1,0.04
6/3/20,74,79.8,6,5.2,17.5,25.1,91.4,74.7,0.77
6/4/20,75.1,86.4,6.3,7.4,13.6,35.9,93.2,74.7,0.3
6/5/20,73.3,80.6,6.5,6.2,13.6,33.6,95,74.7,1.78
6/6/20,74.4,78.5,4.2,4.6,15.5,27,89.8,73.4,1.22
6/7/20,75.4,79.3,4.1,5.1,9.7,20.4,82.4,73.4,0.85
6/8/20,75,79,5,4.6,11.7,28.9,82.4,75,1.28
6/9/20,74.1,78.1,4.8,4.6,13.6,25.3,86,73.4,0.75
6/10/20,75.2,82.6,5.7,3.3,11.7,24.5,91.6,73.9,0.32
6/11/20,74.4,86.6,6.6,5.6,9.3,14.2,95,76.8,0
6/12/20,73.1,87.7,6.7,4.4,7.8,13,94.3,76.3,0
6/13/20,74.7,86.4,6.7,6.7,11.7,18.1,94.3,76.1,0.11
6/14/20,74,80.9,5.9,5.6,11.7,22.3,90.7,77,0.28
6/15/20,75,83.2,6.1,5.8,19.4,33,91.4,74.8,1.21
6/16/20,73.4,83.7,6.6,6.4,13.6,30.1,91.4,74.8,0.71
6/17/20,74.4,80.4,6.2,4.8,13.6,25.3,91.4,75.2,0.45
6/18/20,74.9,85.2,6.6,5.6,14.4,28.4,93.2,75.7,0.01
6/19/20,74.4,86.7,6.7,4.1,13.6,16.9,93.2,79,0
6/20/20,72.8,87.7,6.7,5.8,9.7,17.7,95,78.3,0
6/21/20,73.7,88.7,6.7,7.5,13.6,15.3,95,78.8,0.01
6/22/20,74.9,89.3,6.7,7.7,11.7,17.7,96.8,81.5,0.01
6/23/20,73.8,89.7,6.7,7.2,13.6,17.7,96.8,82.6,0
6/24/20,74.5,89.5,6.7,9,12.8,19.6,95,82.9,0
6/25/20,74.3,82.8,6.6,7.1,19.4,29.1,93.4,75.2,0.69
6/26/20,74.1,88.6,6.7,8.1,13.6,20.4,95,75.7,0.11
6/27/20,73.4,88.2,6.7,6.7,13.8,21.4,95,81.7,0
6/28/20,73,88.5,6.7,6.9,11.7,17.5,95,80.4,0
6/29/20,74.3,88.5,6.5,4.9,12.4,17.5,96.8,79.2,0
6/30/20,73.6,89.6,6.7,4.9,7.8,17.5,96.8,79.2,0
7/1/20,75.5,85.5,6.5,5.1,11.7,16.9,95.5,79.5,0
7/2/20,76.3,84.1,6.5,5.4,11.7,27,92.1,79,0.17
7/3/20,75.3,81.7,6.4,4.5,13.6,24.9,89.6,77,0.73
7/4/20,76,81.8,6.2,3.5,6.4,20.4,88.5,77.7,0.71
7/5/20,75.6,85.5,6.3,5.6,13.6,19.6,93.2,77.5,0.33
7/6/20,74,87.4,6.6,6.2,11.7,16.7,95,77.7,0.07
7/7/20,73.5,88.2,6.4,8,11.7,23.3,93.4,79.7,0
7/8/20,74.7,87.9,6.7,8.2,11.7,17.1,93.4,82,0
7/9/20,73.7,88.9,6.7,9.6,15.5,22.5,93.2,83.1,0
7/10/20,74.5,87.6,6.7,7.7,11.7,21.4,93.2,83.5,0
7/11/20,74.2,88.4,6.7,9.5,13.6,22.9,96.8,82.4,0
7/12/20,73.2,89.4,6.7,7,11.7,18.8,96.8,79.3,0
7/13/20,72.4,90.4,6.7,4,5.8,18.8,99.3,78.6,0
7/14/20,72.5,92.3,6.5,4.7,9.7,21.4,100.4,78.8,0
7/15/20,71.5,91.3,6.7,7.6,11.7,16.9,100.4,82.6,0
7/16/20,71.8,90.5,6.7,8.1,11.7,20.6,98.6,82.4,0
7/17/20,71.8,90.3,6.7,9.6,13.6,25.3,98.6,82.9,0
7/18/20,72.8,89.9,6.7,8.8,11.7,22.9,98.6,82.4,0
7/19/20,72.9,89.3,6.7,7.2,15.5,19,98.6,82,0
7/20/20,72.9,89,6.7,6.6,9.7,19,96.8,81.9,0
7/21/20,71.6,88.6,6.7,4.4,23.3,999.9,96.8,77.4,0
7/22/20,73.3,87.5,6.5,4.6,9.7,13.4,95.9,77.4,0.03
7/23/20,73.2,90.2,6.7,4,9.7,17.5,98.6,78.6,0
7/24/20,72.4,91.8,6.7,4.2,7.8,13.2,99.9,78.1,0
7/25/20,73.4,92.2,6.7,5.9,9.7,13.2,100.4,80.2,0
7/26/20,73.5,90.5,6.7,6.5,10.1,14.4,98.8,81.9,0
7/27/20,72.8,90.2,7.2,6.4,11.7,17.9,98.6,82.9,0
7/28/20,72.8,90.7,6.7,6,11.7,21.4,100.4,78.4,0.17
7/29/20,71.4,88.9,6.7,4.6,19.4,29.1,100.4,77.5,0.26
7/30/20,71.1,88.2,7.2,5.9,13.6,19,100.2,77.2,0
7/31/20,72.1,85,6.7,8.5,15.5,25.3,95.4,78.1,0.18
8/1/20,73.2,82.3,6.6,9.3,15.5,29.1,91.4,76.6,0.6
8/2/20,74,82.6,6.6,6.7,11.7,21.4,89.6,76.6,0.14
8/3/20,74.6,82.9,6.6,5,9.7,13.4,91.4,77.2,0.19
8/4/20,75.2,82.5,5.9,5,15.5,999.9,92.5,77.2,0.22
8/5/20,74.5,78.9,5.4,5.4,8.4,20.8,92.5,76.1,1.4
8/6/20,74.9,85.8,6.3,4.4,11.7,16.3,93.2,75.7,0.22
8/7/20,73.7,86.9,6.7,4.5,7.8,13.6,94.6,77.4,0
8/8/20,72.5,88.8,6.7,4.1,7.8,12.2,96.3,77,0
8/9/20,72.6,89.4,6.7,4.7,9.7,16.7,98.6,78.1,0
8/10/20,73.2,89.7,6.7,5.6,10.5,16.7,98.2,80.8,0
8/11/20,74.9,86.6,6.3,6.6,11.7,20,96.3,75.2,1.65
8/12/20,74.5,81.2,6.2,6,15.5,22,92.1,75.2,0.56
8/13/20,74.5,82.4,6.5,5.7,13.6,22.9,90.3,75.9,0.07
8/14/20,74.7,83.7,6.3,3.4,13.6,27,91.4,77.9,0.06
8/15/20,74.5,82.3,6.2,3.6,8.4,16.7,91.2,77.4,0.05
8/16/20,72,84.9,6.7,5.4,13.6,22.3,93.2,75.6,0.01
8/17/20,73.4,83.2,6.4,3.1,11.5,21.6,93.2,75.6,0.02
8/18/20,72.5,83.4,6,6.2,9.7,22.3,93.2,75,0.53
8/19/20,73.9,79.5,5.7,6.8,17.5,28.4,91.6,75,0.6
8/20/20,74.7,84,6.5,3.7,9.7,15.3,93.2,76.3,0
8/21/20,74,87.5,5.6,3.2,5.8,999.9,95.5,76.8,0
8/22/20,73.9,85.9,5.5,3,15.5,27.2,95.5,77.7,0
8/23/20,73.9,87.9,5.4,2.7,7.8,999.9,96.3,77.4,0
8/24/20,74.2,89.5,6.2,4.4,10.7,21.8,97.3,78.6,0.4
8/25/20,74.7,89.7,6.3,5.4,10.3,21.8,97.3,78.8,0
8/26/20,74.2,83.8,6.1,4.2,13.6,21,96.8,75.2,2.15
8/27/20,73.4,85.3,6.4,3.8,7.8,999.9,94.6,75,0
8/28/20,71.3,88.1,5.8,3.4,7.8,12,97.2,76.6,0
8/29/20,72.8,88.2,5.2,3.2,9.7,11.7,97.2,76.5,0
8/30/20,71.8,88.8,5.3,4.5,9.7,15.5,96.8,77,0.02
8/31/20,74.4,86.3,5.4,3.9,11.7,16.9,96.4,78.3,0.02
9/1/20,74.1,86.2,5.9,3.3,15.5,25.3,97,77.7,0
9/2/20,72.4,88.7,5.4,3.7,7.8,15.2,97,77.4,0
9/3/20,73.3,89.4,5.3,3.3,6.8,14.4,98.2,76.8,0
9/4/20,74.7,81.9,3.9,5.5,13.6,23.3,98.2,75.2,0.82
9/5/20,74,81.2,4.7,3.4,15.5,999.9,91.2,75.4,0.02
9/6/20,74.3,86.2,4.5,4,6.4,12.6,93.4,75.2,0.01
9/7/20,74.9,81.7,5,4.2,9.7,21.8,93.4,77.2,3.14
9/8/20,74.6,79.8,5.6,3.2,9.7,11.5,91,77,0.17
9/9/20,73.7,80.6,4.9,3.2,11.7,11.8,89.6,76.5,0.36
9/10/20,73.6,84.3,5.2,4.4,11.7,17.5,93.2,76.3,0.01
9/11/20,73.9,83.5,5.4,5.8,15.5,18.8,93.2,74.5,1.78
9/12/20,74.6,80.7,6.4,3.4,7.8,16.3,91.8,74.3,1.44
9/13/20,74.3,81.3,5.5,4.1,11.7,16.7,91.8,74.1,0.96
9/14/20,74.6,81.7,5.3,3.9,9.7,14.4,90.7,76.1,0.68
9/15/20,74.3,78.7,5.5,3.8,9.7,10.1,90.7,75.2,1.24
9/16/20,75.6,82,6.4,4.2,11.7,13,91.4,75.2,0.1
9/17/20,74.9,85.4,6.5,4.5,9.7,18.8,93.7,75.9,0.01
9/18/20,73,79.4,5.5,6.7,11.7,17.1,93.7,75.2,1.09
9/19/20,74.3,80.1,6.5,4.8,13.6,29.9,89.6,75.2,0.61
9/20/20,75,83.6,5.4,3.4,7.8,13.6,92.1,75.7,0.02
9/21/20,75.7,81.3,5.6,3.8,9.7,19.4,92.1,77,0.02
9/22/20,75.6,82.8,5.7,3,9.7,14.2,91,77,0.24
9/23/20,71.8,80.7,5.5,4.7,11.7,12.4,90.1,73.8,0.19
9/24/20,66.8,77.8,6.7,6.1,11.7,16.7,90.1,72.9,0.01
9/25/20,69.2,80.1,6.6,3.5,7.8,12,86.5,72.5,0
9/26/20,70.7,77,5.4,4.8,7.8,12,86.5,71.6,0.68
9/27/20,67.1,74.4,6.5,3.7,10.5,15.9,84.7,71.6,0.01
9/28/20,71,78.6,6.7,3,5.8,12.2,83.1,71.6,0
9/29/20,73.6,82.5,5.4,2.5,5.8,999.9,87.8,73.9,0.02
9/30/20,71.2,78.2,5.4,4.7,13.6,23.3,87.8,73.4,0.02
10/1/20,71.3,78.5,5.7,3,7.8,12,86.7,72.9,0.06
10/2/20,70.6,83,5.7,3.6,7.8,13.8,91.4,72.3,0.01
10/3/20,71.6,84.2,6,2.3,5.8,13.8,92.1,72.3,0
10/4/20,71.6,84.7,5.5,5.3,11.7,16.5,93.2,74.5,0
10/5/20,65.2,79,6.7,9,11.7,17.5,92.1,71.1,0
10/6/20,60.8,74.9,6.7,8.9,11.7,14.4,84.7,67.8,0
10/7/20,58.7,73.4,6.7,11.4,15.5,23.1,80.1,67.6,0
10/8/20,58,73.1,6.7,10.9,15.5,23.1,78.8,68.2,0
10/9/20,57.6,73.3,6.7,8.4,13.6,20.4,80.6,67.6,0
10/10/20,60,77.2,6.6,4.9,9.7,16.5,86,66.6,0
10/11/20,61.8,80.4,6.6,4.7,11.7,15.5,88.3,66,0
10/12/20,59.2,82.5,6.7,10.5,13.6,15.2,89.6,69.3,0
10/13/20,67.2,77.8,6.6,7.3,13.6,22.3,89.1,72.3,0.08
10/14/20,68.4,78.9,6.7,4.4,7.8,16.9,83.3,72.3,0
10/15/20,65.8,80.2,6.7,6.4,11.7,14.6,87.8,73.6,0
10/16/20,62.3,78.2,6.2,11.8,17.5,23.3,87.8,68.7,0
10/17/20,56.9,72.9,6.7,12.1,15.5,21.6,86.7,65.3,0
10/18/20,57.1,73.1,6.7,11.1,15.5,20.8,80.6,64.9,0
10/19/20,56,72.4,6.7,10.4,15.5,20.8,80.6,63.7,0
10/20/20,57.3,72.5,6.7,9.7,15.5,25.3,80.6,63.3,0
10/21/20,55,72.4,6.7,12,17.5,28.6,79.5,65.5,0
10/22/20,49.4,74,6.7,13.8,23.3,28.4,80.6,66.4,0
10/23/20,40.8,74.7,6.7,12.5,17.5,27.2,82.4,65.7,0
10/24/20,47.1,73.5,6.7,5.8,13.6,19.8,79.2,66,0
10/25/20,55,75.2,6.7,3.3,6.2,11.8,82.4,63.5,0
10/26/20,56.4,79.7,6.2,4.4,9.7,17.5,89.6,63.1,0
10/27/20,59.3,80.1,6.5,4.2,9.7,18.3,89.6,64.6,0
10/28/20,62.5,77.7,6.4,5.7,11.7,20.4,87.6,66.7,0.08
10/29/20,64.8,70.4,4,6.5,11.7,15.7,82,67.6,0.25
10/30/20,62.5,73.5,4.6,3.3,9.7,16.7,78.8,66.6,0
10/31/20,62.8,75,5,2.4,5.8,16.7,82.4,66.6,0
11/1/20,62.1,77.5,4.9,3.7,9.7,11.3,86,66.6,0
11/2/20,57.1,74.1,6.4,10.5,15.5,23.3,84,65.5,0
11/3/20,53.8,73.6,6.7,8.7,13.6,17.7,81.3,64.9,0
11/4/20,55,72.5,5.6,3.9,7.8,12.4,79.3,62.4,0
11/5/20,58.6,73.5,5.6,3.4,7.8,14.8,82.4,61.5,0
11/6/20,56.7,78.1,5.9,7.5,13.6,19,86,62.1,0
11/7/20,55.1,78.5,6.6,11.5,15.5,23.7,86,65.7,0
11/8/20,41.2,76.4,6.7,11.6,15.5,23.7,85.3,67.8,0
11/9/20,38.4,72.8,6.7,10.4,15.5,22.7,84,63.5,0
11/10/20,42,70.7,6.7,6.6,11.7,15.7,81,58.1,0
11/11/20,45,71.2,6.7,5.5,11.7,16.5,80.6,55.2,0
11/12/20,44.9,72.7,6.7,8.5,15.5,16.3,82.4,55.2,0
11/13/20,48.3,75.6,6.6,9.5,15.5,17.3,82.4,58.6,0
11/14/20,58.9,67.8,6.2,7.1,15.5,999.9,79.2,64.2,0.01
11/15/20,64.5,70.5,5.2,3.3,5.8,10.7,75.2,64,0.08
11/16/20,67,77.3,4.7,2.6,5.8,999.9,87.8,64.6,0
11/17/20,67.9,76.7,5.3,2.9,7.8,11.3,85.5,67.3,0
11/18/20,70.4,79.3,6.3,3.6,7.8,10.9,86,68.7,0.04
11/19/20,71.2,79.2,5.6,3.2,5.8,999.9,87.8,70.7,0.01
11/20/20,71.3,80.3,5,3.4,5.8,999.9,89.6,70.5,0
11/21/20,70.9,79.3,6.6,5.2,9.7,12.6,87.3,71.8,0.04
11/22/20,65.5,76.4,6.2,7.3,11.7,19,87.8,66.2,0
11/23/20,57.1,67.7,6.7,7.8,11.7,19,87.3,63.9,0
11/24/20,57.3,70,6.7,5.7,11.7,15.3,78.8,63,0
11/25/20,61.8,73.4,6.7,3.6,5.8,10.7,84.2,63,0
11/26/20,59.5,70.7,6.2,8.6,13.6,18.6,82.4,61.2,0
11/27/20,52.2,65.9,6.7,12.7,15.5,21.4,81.9,57.4,0
11/28/20,49.8,64.5,6.7,11.9,17.5,24.5,74.5,57.4,0
11/29/20,46.9,60.7,6.7,10.4,13.6,24.5,73.8,53.8,0
11/30/20,46.9,61.2,7.2,11,15.5,21.4,71.6,53.4,0
12/1/20,48.9,62.7,6.7,8.2,13.6,16.7,71.8,54.1,0
12/2/20,48.4,62.8,6.6,11.4,15.5,22,72.1,52.7,0
12/3/20,43.4,59,6.7,12.9,17.5,24.9,72.1,50.4,0
12/4/20,40.8,56.2,6.7,12,17.5,24.9,65.1,48.9,0
12/5/20,42.9,57.5,6.3,7.4,11.7,18.6,68,48.6,0
12/6/20,47.3,61.5,6,4.3,8,14,70.7,47.5,0
12/7/20,47.2,62.5,6.4,9.9,13.6,18.8,72.9,50.4,0
12/8/20,46.7,62,6.3,7.9,11.7,20,72.9,52.2,0
12/9/20,51.1,66.1,6.3,5,9.7,13.8,71.6,52.5,0
12/10/20,53.3,69.4,6.6,5.8,9.7,14.2,74.5,55.8,0
12/11/20,56.1,68.8,6.4,6.7,11.7,15.9,76.5,62.6,0.01
12/12/20,55.2,68.1,5.8,5.1,9.7,15.9,76.5,62.6,0.01
12/13/20,60.1,65.5,3.7,5.6,15.5,21.8,73.2,57.2,0.03
12/14/20,45.8,51.6,6.6,13.4,17.5,22.9,72.5,44.6,0.03
12/15/20,39.5,49.8,6.7,10.7,13.6,20,56.8,44.2,0
12/16/20,38.7,49.9,6.7,11.3,13.6,21.6,58.3,45.5,0
12/17/20,41,50.4,6.7,7.4,9.7,21,58.3,46,0
12/18/20,40.6,53.2,6.7,12.9,17.5,25.3,61.7,46.4,0
12/19/20,35,52.9,6.7,14.4,19.4,25.4,61.7,46.8,0
12/20/20,31.4,55.1,6.7,13.6,17.5,25.6,62.6,47.5,0
12/21/20,33.9,56.7,6.3,9.4,17.5,25.6,65.8,46.8,0
12/22/20,44.9,62.2,6.5,3.6,7.8,12.2,69.1,47.5,0
12/23/20,52,66.8,6.6,6.1,11.7,15.5,75.2,50.2,0
12/24/20,52.3,62.8,6.1,9.1,13.6,17.5,73.4,58.3,0.01
12/25/20,49.3,62.9,5.6,4.1,7.8,14.8,69.1,57.7,0
12/26/20,54.2,66.4,4.9,3.2,5.8,999.9,72.5,58.1,0
12/27/20,56.3,69.2,4.5,2.9,4.7,999.9,80.6,57.4,0
12/28/20,56.6,70,5.9,4.2,7.8,12,82.4,56.5,0
12/29/20,51.3,66.1,5.2,10.1,25.3,40.4,80.6,50,0
12/30/20,26.1,50,6.7,15.1,21.4,40.4,59,38.3,0
12/31/20,13.1,47.9,6.7,9.7,15.5,29.9,57.6,34.5,0
1/1/21,18.7,49.5,6.7,4.9,9.7,11.3,59.9,34,0
1/2/21,25.4,53.2,6.7,2.7,5.8,14.2,66.2,36.3,0
1/3/21,30.5,62.2,6.5,6,9.7,18.3,71.6,39.7,0
1/4/21,34.7,63.4,6.7,5.1,9.7,12.6,70.2,44.1,0
1/5/21,34.4,63.7,6.7,9.5,13.6,14,73.8,53.6,0
1/6/21,38,60.1,6,8.1,13.6,14,73.8,51.6,0
1/7/21,32.8,48.3,6.1,16.2,19.4,24.9,68.4,39.6,0
1/8/21,17.7,44.1,6.5,14,17.5,27.2,55.8,39.6,0
1/9/21,11.6,49.9,6.7,8.9,13.6,21.4,54.1,40.6,0
1/10/21,15.9,49.4,6.7,10.5,17.5,21,54.1,41.2,0
1/11/21,24.8,43.8,6.6,7.9,13.6,27.4,54.1,39.2,0
1/12/21,21.2,48.8,6.5,6.2,17.5,20.6,61.5,34.2,0
1/13/21,27.8,53.8,6.3,2.9,5.8,999.9,68,34.2,0
1/14/21,32.2,57.3,5.5,2.7,5.8,999.9,71.6,36.1,0
1/15/21,42.8,60.1,4,3,4.7,999.9,73.8,39.4,0
1/16/21,42.8,64.3,3.8,6.6,21.4,31.1,73.8,44.4,0
1/17/21,29.2,55.8,5.7,12.3,21.4,31.1,73.2,43.2,0
1/18/21,31.1,54.2,6.3,4.9,7.8,17.9,64.6,40.5,0
1/19/21,36.2,59,6,3,5.8,10.9,69.8,39.7,0
1/20/21,48.7,66.4,4.3,2.9,5.8,999.9,75.2,41.4,0
1/21/21,58.5,67.6,5.2,5.3,9.7,12.6,75.6,50,0
1/22/21,59.7,66.9,6.4,5.4,9.7,12.6,75.6,59,0
1/23/21,52.1,66.6,5.3,6,11.7,17.5,77.7,56.7,0
1/24/21,55,67.9,5.6,6.1,11.7,12.4,77.7,56.5,0
1/25/21,57.2,69.6,5.8,3.7,9.7,13.6,79,57.6,0
1/26/21,51.9,67,5.8,7.6,13.6,17.9,79,58.6,0
1/27/21,52.4,66.8,6.2,3.7,11.7,17.9,78.8,56.1,0
1/28/21,42.9,60.4,5.8,10.9,15.5,25.1,74.5,49.5,0
1/29/21,40,60,6.7,3.2,5.8,12,70.3,46,0
1/30/21,47.3,62.6,6,2.9,7.8,999.9,74.3,47.1,0
1/31/21,48.6,65.6,5.8,3.5,9.7,14,78.8,48.2,0
2/1/21,55.1,68.1,6.1,2.6,5.8,10.3,79.7,50.9,0
2/2/21,54.7,71.6,6.3,3.6,7.8,10.7,84.2,54,0
2/3/21,53.8,68.4,6.1,3.4,5.8,12.2,82.2,53.4,0
2/4/21,53.9,69,5.1,3.4,7.8,10.3,80.6,52.9,0
2/5/21,53.6,69,6.1,3.3,5.8,15.5,80.6,52.7,0
2/6/21,54.7,70.8,5.9,2.7,5.8,999.9,82.9,53.6,0
2/7/21,50.9,72.3,6,3.4,5.8,12.2,84.2,54.1,0
2/8/21,54.9,72.3,6,4.9,13.6,999.9,83.5,55.2,0
2/9/21,56.2,62.5,5.7,8.4,11.7,17.1,81.5,55.4,0.57
2/10/21,54.8,57.8,6,6.3,11.7,27.2,69.6,54.9,1.41
2/13/21,53.1,63,6.1,2.2,3.9,10.7,75.7,52.5,0
2/14/21,54.6,67.6,5.7,2.9,5.8,12.2,80.6,52,0
2/15/21,52.9,70.9,6,4.5,9.7,13,84.2,53.4,0
2/16/21,55.7,70.4,6.2,7.3,15.5,17.7,81,54.3,0
2/17/21,41.9,66.8,6.7,10.6,15.5,21.6,78.4,51.6,0
2/18/21,34.5,64.8,6.7,5.5,9.7,15.9,76.1,49.1,0
2/19/21,42.7,68.7,6,3.8,5.8,11.8,77,48.7,0
2/21/21,53.5,62.9,9.8,2.9,6,12.2,78.6,52.7,0
2/22/21,56.8,72.2,5,3,5.8,10.5,82.4,54.7,0
2/23/21,58.6,74,6.2,3.8,9.7,12.6,86,56.7,0
2/24/21,60.1,72.2,6.1,5.9,15.5,999.9,85.5,59.2,0
2/25/21,64.3,70.1,4.7,4.3,9.7,12.4,77.7,64.4,0.03
2/26/21,55.8,62.1,5.7,8.6,15.5,22.3,76.1,57.2,0.01
2/27/21,51.2,60.1,6.7,6,11.7,21.4,70.3,57.2,0.01
2/28/21,57.8,66.3,6,3,7.8,10.1,73.2,57.4,0
3/1/21,58.2,68,5,7.7,17.5,27.4,78.8,57.2,0
3/2/21,46.8,62.9,6.7,10.3,15.5,27.4,76.6,57.6,0
3/3/21,50.3,61.1,6.6,5.8,11.7,14.4,70.7,57.2,0
3/4/21,57.6,59.9,3.7,2.9,5.8,12.6,69.6,56.8,0.17
3/5/21,65.5,66.9,1.6,3,5.8,10.1,70.2,57,0.1
3/6/21,65.1,68.5,4.2,6.2,11.7,17.5,72.1,62.6,0.72
3/7/21,56.7,67.1,6.7,6.8,11.7,17.7,73.4,62.1,0
3/8/21,58.3,66.7,6.5,3.4,7.8,11.8,72.5,62.1,0
3/9/21,59.5,67.7,4.5,4.3,9.7,11.7,75.4,61.7,0
3/10/21,61.8,70.6,4.7,4,7.8,16.5,78.8,61.7,0
3/11/21,62.9,73.1,5,3.2,5.8,10.1,78.8,64.8,0
3/12/21,63,74.5,5.8,5.8,9.7,13.2,84.2,64.8,0
3/13/21,63.3,71.7,4.6,3.3,6.2,10.7,84.2,64.8,0
3/14/21,63.9,72.3,3.1,4.5,9.7,12.8,78.1,64.8,0
3/15/21,62.6,75.6,6.1,5.7,9.7,15,84.2,64.2,0
3/16/21,65.5,75.6,5.1,3.3,5.8,11.7,82.4,63.7,0
3/17/21,67.3,78.4,5.7,5.1,7.8,14.8,86,63.3,0
3/18/21,68.6,78.8,6.3,6,9.7,14.8,86,66.4,0
3/19/21,67.6,79,6.1,5.4,9.7,15.3,87.8,68.5,0
3/20/21,63,74.3,6.4,7.8,13.6,24.7,86,64.4,0
3/21/21,48.2,58.7,6.6,13.8,17.5,26.6,86,56.1,0
3/22/21,41.3,62.8,6.7,9.7,17.5,20.2,68.4,55.9,0
3/23/21,47.6,61.6,6.2,3.8,9.7,11.7,68.4,56.7,0
3/24/21,56.7,66.1,4.1,3.7,7.8,11.3,75.2,56.5,0
3/25/21,55.6,74.3,5.9,5,7.8,16.1,83.8,57.2,0
3/26/21,59.5,74.9,6.5,5,7.8,16.1,83.8,62.8,0
3/27/21,67.5,77.6,5.7,4.8,11.7,13.6,84.2,66.9,0
3/28/21,70.2,79.8,5.5,3.8,5.8,11.5,87.8,68.5,0
3/29/21,71.6,80.7,6.3,7.5,11.7,15.9,86.5,71.2,0
3/30/21,71.5,81.8,6.7,7.9,13.6,20,89.6,75,0
3/31/21,71.4,79.3,6.7,6.5,11.7,21.4,87.1,75.2,0
4/1/21,71,81.4,6.7,7.4,11.7,17.9,89.6,72.9,0
4/2/21,71.4,81.7,6.7,5.7,11.7,13.2,89.6,72.5,0
4/3/21,67.4,81.1,5.8,7.1,13.6,16.9,89.6,71.4,0
4/4/21,60.4,70.5,6.7,9.1,13.6,17.7,88.9,65.7,0
4/5/21,61.5,70.3,6.2,4.3,8,16.9,77.2,65.5,0
4/6/21,65.6,78.2,5.4,4.3,9.7,9.9,86,65.1,0
4/7/21,66,77,5.8,6.1,9.7,14.2,86,68.9,0.02
4/8/21,62.2,67.3,5.7,6.8,13.6,14.8,80.6,61.9,0.37
4/9/21,56.9,67.7,6.7,6,9.7,12.4,72.7,61.7,0.01
4/10/21,61.6,73.8,6.3,3.6,9.7,10.3,80.6,62.6,0
4/11/21,63.1,77.7,6.5,4.6,7.8,16.5,87.8,65.7,0
4/12/21,67.9,80.2,6.4,5.2,11.7,15,89.6,65.1,0
4/13/21,69.6,81.4,6.2,4.2,6.6,13.4,89.6,68.4,0
4/14/21,68.8,81.1,6.5,8.3,12.4,18.6,88.2,69.1,0
4/15/21,68.5,72.9,5.1,5.6,9.7,18.6,87.3,69.8,0.19
4/16/21,68.3,70.2,4.8,4.1,11.7,13.8,78.8,68,0.8
4/17/21,64.8,74.3,6.2,5.5,9.7,11.8,78.8,68,0.01
4/18/21,66.2,71.7,3.9,4.2,7.8,11.7,80.2,66.6,0.04
4/19/21,64.1,71,5.2,5.5,7.8,13.4,80.2,66.2,0.07
4/20/21,63.3,72.7,6,5.4,7.8,10.5,77.4,65.5,0.02
4/21/21,67.1,78.9,6.3,4.1,7.8,15.5,87.4,67.6,0
4/22/21,69.7,80,5.9,2.9,5.8,13.6,88.5,67.6,0
4/23/21,70.9,84.4,5.6,5,9.7,14.2,93.2,69.8,0
4/24/21,70.2,83.2,6.7,8,13.6,20.4,92.1,75.2,0
4/25/21,68.6,74.6,6.5,5.9,11.7,16.5,88.5,68.7,0.32
4/26/21,67.5,71.4,5.7,4.4,9.7,13.4,80.1,68.5,0.1
4/27/21,69.7,71.5,3.8,3.8,5.8,999.9,74.8,69.4,0.22
4/28/21,65.6,69.3,4.8,7.4,11.7,15.2,72.7,65.3,0.5
4/29/21,60.5,73.3,6.6,5.3,13.6,17.1,82.4,61,0
4/30/21,64.1,80,6.3,3.2,7.8,999.9,89.6,60.8,0
5/1/21,69.9,83.3,5.3,4.4,7.8,15.5,91.4,68.7,0
5/2/21,71,75.7,3.3,4.8,15.5,27.2,91.4,66.2,1.29
5/3/21,71.6,74.8,4.9,3.2,7.8,11.7,88.3,66.4,0.07
5/4/21,71,76,6.1,5.7,16.9,43.9,87.4,68.7,1.35
5/5/21,70.7,80.8,6.4,4.5,9.7,12.4,87.6,69.8,0.1
5/6/21,71.8,80.9,6,5.2,9.7,12.6,89.6,72.9,0.23
5/7/21,74,84.8,5.8,5,9.7,12.4,93.2,72.5,0
5/8/21,75.2,85.7,6.4,5.7,9.7,15.3,93.2,77,0
5/9/21,74.9,86.4,6.7,6.7,9.7,17.3,95,79.2,0.02
5/10/21,73.4,86.1,6.7,7.7,11.7,16.1,95,78.8,0
5/11/21,73.2,88,6.7,9.2,13.6,19,95,78.3,0
5/12/21,74.8,87.6,6.7,7.5,13.6,20.6,95,77,0
5/13/21,76.4,85.5,6.7,7.3,17.5,20.6,95,79,0.1
5/14/21,77.8,83.9,6.2,7.4,15.5,27.2,91.4,77,0.71
5/15/21,76,87.8,6.7,9,13.6,22.3,96.8,78.4,0
5/16/21,75.5,89.3,6.7,8.6,15.5,22.9,96.8,81.1,0
5/17/21,75.3,85.5,6.7,6.9,15.5,21.4,96.8,78.8,0.07
5/18/21,77.8,85,6.7,6.8,13.6,25.3,93.2,78.1,0.47
5/19/21,75.7,88.3,6.7,10,13.6,23.1,95,78.1,0
5/20/21,74.4,89,6.7,9.4,13.6,19.8,95.4,82.4,0
5/21/21,74.6,90.1,6.7,10.1,15.5,21.8,98.6,80.8,0
5/22/21,76.2,89.4,6.7,7.6,14.6,20.6,98.6,79,0
5/23/21,76.7,89.7,6.7,5.9,11.7,19.4,98.6,79.2,0
5/24/21,76.8,83.7,6.7,4.3,9.7,17.3,95.9,77,0.16
5/25/21,76.2,84.2,6.5,4.5,9.7,14.8,95,75.2,0.02
5/26/21,77.4,83.8,6.4,4.9,9.7,20.6,91.4,77,0.76
5/27/21,77.2,88.2,6.7,6.6,13.6,20.2,95,77.5,0.07
5/28/21,76.6,89.9,6.7,8.2,11.7,19.4,96.8,78.1,0
5/29/21,76.7,82.9,6.7,5.1,23.3,31.7,95.9,76.3,1.3
5/30/21,78.8,87.4,6.6,5.1,9.7,16.7,95,76.3,0.11
5/31/21,77.5,81.4,6.2,5.6,15.5,27.6,94.8,75.4,2.66
6/1/21,76.4,78.1,4.1,4.5,11.7,22.5,90.9,75,3.3
6/2/21,76,78,5.3,5.1,9.7,15.7,86.2,74.8,0.78
6/3/21,77.9,85.8,6.5,5.5,17.5,29.1,95,74.8,0.49
6/4/21,69.6,75.7,6.5,8.5,13.6,20.2,91.8,71.1,0.3
6/5/21,69.4,80.4,6.7,3.7,7.8,11.8,87.4,71.2,0
6/6/21,69.9,85.8,6.6,3.7,5.8,10.7,95,71.8,0
6/7/21,74,86.3,6.7,4.2,7.8,11.1,95,74.7,0
6/8/21,74.3,86.9,6.7,4.9,9.7,16.7,95,74.7,0
6/9/21,75.5,87.1,6.7,5.3,7.8,12.8,95,76.1,0
6/10/21,76.8,83.1,6.6,5.1,13.6,18.1,93.7,76.8,0.35
6/11/21,76.5,84.8,6.7,6.1,13.6,23.3,95,76.6,0
6/12/21,76.5,84,6.7,7.8,13.6,21.2,92.7,78.4,0.07
6/13/21,77.5,81.3,6.5,5.3,29.1,999.9,89.8,75.2,0.37
6/14/21,78.5,83.2,6.6,4.5,11.7,15.2,89.8,78.6,0.3
6/15/21,77,87.6,6.7,6.4,11.7,19.8,95,79.5,0
6/16/21,78.2,85,6.6,5.7,11.7,23.1,95,77,0.07
6/17/21,77.8,88.2,6.7,7.3,15.5,20.4,96.8,79.5,0
6/18/21,77.3,90.4,6.7,7.7,13.6,15.9,98.6,81.1,0
6/19/21,78.5,89.9,6.4,6.5,9.7,15.5,98.6,82.4,0
6/20/21,78.4,90.7,6.7,6.9,11.7,23.3,98.6,84.2,0
6/21/21,76.7,86.9,6.2,7,17.5,25.3,97.3,73.8,3.28
6/22/21,77.4,81.3,4.1,4.3,11.7,23.7,97.3,73.8,0.74
6/23/21,76,78.7,4.4,3.1,13.6,15.2,84.7,74.8,2.32
6/24/21,76.7,80.8,4.5,4,9.7,999.9,89.6,74.8,0.07
6/25/21,78.2,83.3,5,5.2,13.6,20.4,93.2,78.1,0.54
6/26/21,78.7,83.3,5.9,4.9,11.7,21,91.4,78.3,0.3
6/27/21,79.6,86.3,6.3,5.3,15.5,32.2,95,78.6,0.04
6/28/21,78.3,81.4,6.2,5.7,21.4,29.1,94.1,75.2,1.35
6/29/21,79.3,85.1,6.2,5.3,9.7,18.1,91.4,77.4,2.21
6/30/21,78.5,87.1,6.7,8.3,15.5,25.3,93.2,79.9,0.03
7/1/21,77.6,88.8,6.7,9.5,17.5,21.2,96.8,80.6,0
7/2/21,77.2,87.5,6.7,7.3,11.7,37.1,93.9,80.1,0.05
7/3/21,79.3,86.8,6.7,6.4,19.4,999.9,96.8,80.1,0.17
7/4/21,78,88.6,6.7,5.8,11.7,16.7,96.8,78.1,0
7/5/21,77.1,87.3,6.7,4.9,15.5,22.9,95.7,77,0.01
7/6/21,75.9,85.9,6.7,4.6,13.6,16.7,95,76.8,0
7/7/21,77.2,84.8,6.5,6,11.7,23.3,93.2,77.4,0.15
7/8/21,77,87,6.7,5.3,9.9,16.9,95,77.4,0.5
7/9/21,76.6,88.9,6.7,3.8,7.8,14.4,96.3,77.2,0
7/10/21,76,90.2,6.7,5,9.7,13.8,98.6,77.4,0
7/11/21,75.8,90,6.7,6.2,9.7,16.3,98.6,77.7,0
7/12/21,77,88.9,6.7,6.6,15.5,16.1,96.8,78.8,0
7/13/21,75.6,90.3,6.7,6.2,11.7,15.5,98.6,78.3,0
7/14/21,76.6,91.1,6.7,4.1,7.8,17.5,98.6,78.1,0
7/15/21,76.4,88.3,6.7,4.2,13.6,16.1,98.2,78.8,0.01
7/16/21,75.2,83.9,6.2,5.2,21.4,33.2,96.8,74.5,1.03
7/17/21,76.2,85.7,6,4.1,9.7,13.4,95.5,74.5,0
7/18/21,75.4,87.6,6.7,5.4,13.6,22.7,96.8,75.9,0.27
7/19/21,76,83.7,6.7,6.8,13.6,17.7,94.8,77.4,0.12
7/20/21,76.4,82.9,6.7,7,11.7,13.8,88,77.4,0.03
7/21/21,76.4,82,6.7,7.2,13.6,17.1,86,75.6,0.04
7/22/21,75.1,88.9,6.6,4.3,7.8,15.5,96.8,75.6,0
7/23/21,75,91.5,6.7,5.2,9.7,13.8,100.4,77.4,0.21
7/24/21,74.9,92,6.3,6.9,13.6,18.1,100.4,78.4,0.04
7/25/21,75.2,91.8,6.6,5.5,9.7,14,100.4,79.5,0
7/26/21,78.8,90.6,6.4,4.3,11.7,999.9,99.7,80.6,0
7/27/21,76.8,92.2,6.2,5.5,7.8,13.4,102.2,80.8,0
7/28/21,76,89.1,6.5,5.2,17.5,24.9,104,78.3,0.04
7/29/21,78,85.7,5.4,5.4,25.3,35,100.6,78.3,0.28
7/30/21,79.2,86,6.1,4.7,11.7,23.3,97,76.8,0.99
7/31/21,77.7,87.3,6.7,5.6,19.4,29.1,95,76.8,0.03
8/1/21,76.4,86.3,6.6,5.5,19.4,29.1,98.6,76.5,0.13
8/2/21,76.6,88.8,6.1,4.3,11.7,14.4,98.6,76.3,0.01
8/3/21,77.2,85.3,6.5,6.8,15.5,29.1,96.8,78.1,0.04
8/4/21,78,85.2,6.6,5.4,13.6,14.6,95,78.3,0.06
8/5/21,79.8,83.5,6.2,4.7,15.5,19.4,92.1,79.5,0.75
8/6/21,78.7,83.5,6.2,3.8,13.6,20,93.2,78.1,0.08
8/7/21,79.5,84.5,5.7,3.8,13.6,25.3,96.8,78.1,0.58
8/8/21,80.5,85.5,4.8,4.6,13.6,14.2,95.5,78.3,0.44
8/9/21,78.4,80.4,4.2,5.2,9.7,14.4,88,77.4,3.07
8/10/21,78.7,81.5,6.6,4.1,13.6,23.9,89.6,75.2,1.74
8/11/21,78.7,83.7,5.8,4.4,11.7,12.8,93.2,75,1.04
8/12/21,78.7,86.3,6.7,5,17.5,18.6,95,75,0
8/13/21,77.8,85,6.7,5.4,13.6,25.3,95,76.3,2.42
8/14/21,78.9,81.9,5.5,5.2,11.7,27.2,91.4,76.3,0.06
8/15/21,77.9,82.4,6.7,5.1,13.6,999.9,89.6,77,0.73
8/16/21,79,85,6.5,4.8,9.7,999.9,93.2,78.6,0
8/17/21,77.7,89.1,6.7,4.2,7.8,15.5,96.8,78.6,0
8/18/21,76.5,82,6.6,5,15.5,999.9,96.6,76.8,0
8/19/21,76.5,83.6,6.3,4,13.6,999.9,95,76.6,0
8/20/21,77.1,88,6.3,4.7,9.7,15.5,95,76.6,0
8/21/21,76.4,89.3,6.7,4.8,9.7,13.6,96.8,78.6,0
8/22/21,74.8,89.4,6.7,6.9,11.7,13.6,96.8,81.5,0
8/23/21,75.7,88.9,6.7,6.4,11.7,18.6,98.6,79.2,0
8/24/21,77.3,87,6.7,6,11.7,18.6,95.2,78.6,0
8/25/21,77.5,83.7,5.9,5.5,11.7,14.6,93.2,77.9,0.14
8/26/21,76.6,86.8,6.7,4.8,11.7,14.6,95,76.3,0.05
8/27/21,73.3,83.8,6.7,6.3,15.5,25.4,94.5,72.7,0
8/28/21,74.2,83.6,6.7,4.4,13.6,22.5,95,72.1,0.33
8/29/21,77.1,83.9,6.7,4,9.7,13,91.8,74.7,0
8/30/21,75.9,87.4,6.7,4.4,13.6,18.3,95,74.5,0
8/31/21,75.7,83.2,6.4,4.3,7.8,23.3,93.7,73.4,2.35
9/1/21,76.9,83.5,6.7,5.2,10.9,20.6,93.2,75,0.19
9/2/21,77.3,86.7,6.7,4.5,7.8,12.4,95,76.3,0.17
9/3/21,76.1,88.4,6.7,4.3,9.7,999.9,96.8,77.5,0
9/4/21,75.4,88.6,6.7,4.9,7.8,11.3,96.8,77.7,0
9/5/21,75.7,87.6,6.7,4.8,13.6,14.2,98.6,77,0
9/6/21,76.7,85.9,6.7,4.9,13.6,14.4,96.8,76.5,0.01
9/7/21,75,87.2,6.7,5.2,9.7,18.8,98.6,76.3,0
9/8/21,75.3,85.1,6.7,4.7,13.6,16.9,95.9,77,0
9/9/21,76.7,89.4,6.7,4.9,7.8,999.9,98.6,77,0
9/10/21,78.2,88.7,6.1,3.4,7.8,13.6,97.7,79,0
9/11/21,76.8,91.2,6.5,4.6,9.7,15.5,100.4,78.4,0
9/12/21,74.4,91.5,6.6,5.1,9.7,19.4,100.4,78.4,0
9/13/21,76.5,90.4,6,5.1,11.7,12.4,99,77,0
9/14/21,77.7,84.6,6.7,4.8,17.5,21.4,98.6,77.7,0
9/15/21,76.5,87,6.7,4.1,11.7,15.5,96.1,77.5,0
9/16/21,76.4,81.9,6.5,3.9,11.7,25.8,96.1,74.7,1.55
9/17/21,76.1,84.8,5.9,4.3,13.6,23.3,95,74.8,0.01
9/18/21,77.5,84.7,5.3,5.4,11.7,13.6,94.1,76.1,0
9/19/21,77.6,87.6,6.7,5.7,11.7,17.5,96.8,77,0.54
9/20/21,77.5,85.3,6.3,5,9.7,13.8,95,75.9,0.19
9/21/21,75.5,86.5,6.7,3.9,9.7,10.1,96.8,75.4,0
9/22/21,75,87.3,6.6,5,9.7,17.3,96.8,76.1,0.01
9/23/21,75.8,83.2,6.7,5.2,13.6,28.7,94.1,75.9,0.52
9/24/21,75.1,83.6,6.7,5.3,11.7,23.1,95,75.6,0.11
9/25/21,75.5,86.6,6.7,4.4,7.8,10.5,95,75,0
9/26/21,74.6,87.3,6.3,3.7,5.8,999.9,95,75.7,0
9/27/21,76.1,88.5,5.9,3.6,5.8,999.9,98.6,75.6,0
9/28/21,77.2,88.1,5.1,4.5,7.8,10.5,95,77.9,0
9/29/21,76.3,89,5.8,4.2,10.9,21,96.8,77,0
9/30/21,76.5,88.8,6.6,4.1,7.8,21,96.8,77.5,0
10/1/21,75.8,82.9,5.3,4.3,13.6,22.1,96.8,74.7,0.02
10/2/21,75.9,86.7,5.7,4.1,7.8,9.7,95,74.7,0
10/3/21,75.5,84.2,6.6,4.4,9.7,18.1,96.8,73.6,0.01
10/4/21,73.9,86,6.7,4.6,7.8,999.9,95,73.2,0
10/5/21,73.3,86.8,6.5,4.9,9.7,11.3,95,73.9,0
10/6/21,68.8,87.2,6.7,4.8,9.7,15.9,96.8,73.9,0
10/7/21,71,88.3,6.7,7.2,13.6,20.6,96.8,74.3,0.01
10/8/21,75.3,77.7,5.2,7.9,11.7,22.7,93,75,1.65
10/9/21,75.6,77.7,5.1,6.7,13.6,21.6,80.6,74.7,1.2
10/10/21,75.4,80.4,6,4.7,13.6,14.8,84.6,74.7,0.03
10/11/21,64.2,77.4,6.7,14.7,23.3,31.5,86,68,0
10/12/21,61.4,74.3,6.7,17.1,23.3,37.1,85.5,69.1,0
10/13/21,68.1,73.1,5.8,10.1,19.4,37.1,79.2,68,0.31
10/14/21,69.2,79.1,6.7,8.6,13.6,19.6,87.8,68,0
10/15/21,67,72.2,6.3,8.9,11.7,19.4,87.1,68,0.11
10/16/21,61.4,73.3,6.7,15,21.4,29.1,78.8,65.3,0.01
10/17/21,56.3,68.9,6.7,12.4,19.4,22.9,78.8,60.8,0.01
10/18/21,60.5,73.3,6.7,5.6,9.7,14.8,80.6,60.8,0
10/19/21,66.2,78.8,5.8,3,5.8,999.9,87.8,63.9,0
10/20/21,70.2,80.6,5.8,6.4,17.5,999.9,87.8,66.2,0
10/21/21,56.8,62.9,6.7,11,17.5,28.4,87.1,57.2,0.12
10/22/21,51.5,64.6,6.2,9.5,15.5,18.8,68,56.3,0.02
10/23/21,54,64.3,6.7,8,11.7,14.6,66.2,57.4,0
10/24/21,54.7,68.8,6.7,10.9,15.5,21.4,77.5,60.4,0
10/25/21,57,69.9,6.7,6.6,11.7,16.9,78.8,60.8,0
10/26/21,62.2,76.1,6.7,3.3,7.8,12,84.9,61,0
10/27/21,61.6,79,6.7,6.2,11.7,14.4,86,65.5,0
10/28/21,60.9,77.8,6.6,6.2,9.7,14.2,86,68.4,0
10/29/21,63,76.1,6.5,6.8,13.6,15.3,86,66.2,0
10/30/21,64.3,67.8,5.7,4.2,7.8,15.3,84.2,65.3,0.38
10/31/21,64.1,70.6,5.7,4,9.7,11.8,77.9,65.3,0.01
11/1/21,65.8,73.3,6.1,4.5,9.7,13.6,79.3,65.3,0
11/2/21,65.2,72.3,6.6,5,9.7,14.4,79.3,66.9,0
11/3/21,66.8,73.3,6.7,3.7,7.8,11.3,79.3,68.7,0
11/4/21,70.2,78.7,4.6,4.1,9.7,10.3,86,70.3,0
11/5/21,71.4,80.1,5.5,3.7,6,11.5,87.8,71.6,0
11/6/21,71.1,80.6,5.8,3.9,7.8,999.9,89.6,70,0
11/7/21,64.4,71.5,4.6,8.8,23.3,33.4,88,53.4,0.68
11/8/21,40.9,60,6.7,13.2,21.4,33.4,85.5,52.5,0.03
11/9/21,37.2,64,6.7,9.3,13.6,19.2,71.8,51.4,0
11/10/21,42.6,64.6,6.7,5.9,11.7,14.2,74.1,52,0
11/11/21,42.6,69.2,6.7,3.9,7.8,13.8,78.8,51.1,0
11/12/21,45.1,68,6.7,7.5,11.7,15,77.5,56.7,0
11/13/21,46.9,67.3,6.7,6.5,11.7,17.1,75.6,54,0
11/14/21,49.7,69.1,6.7,4,7.8,14.2,78.8,53.4,0
11/15/21,53,67.5,6.7,3.9,6,10.7,76.6,56.5,0
11/16/21,55.2,69.8,6.5,4.8,9.7,13.6,77,55.9,0
11/17/21,56.8,67.6,6.7,7.7,11.7,19,76.8,62.2,0
11/18/21,58.7,67.9,6.7,5.1,9.7,14.6,76.8,59,0
11/19/21,59.8,70,6.7,4.4,7.8,999.9,76.8,59,0
11/20/21,65.7,74.8,5.6,4.8,11.7,15.5,83.7,63.1,0
11/21/21,64,71.7,6,6.9,17.5,27.4,83.7,57.2,0.04
11/22/21,45,58.3,6.5,13.2,19.4,27.4,79.3,53.8,0.07
11/23/21,42.6,58.1,6.7,6.4,13.6,20.6,64.4,49.5,0
11/24/21,43,62.6,6.7,4.1,7.8,13.2,71.6,49.1,0
11/25/21,43.1,65.5,6.7,5,11.7,12.4,77,52.5,0
11/26/21,41.1,68,6.7,5.7,11.7,13.6,77.7,51.8,0
11/27/21,45.5,67.8,6.7,5.9,9.7,17.3,77.7,55.8,0
11/28/21,50.7,69.3,6.7,5.9,11.7,14.6,78.8,56.5,0
11/29/21,53.2,71.4,6.7,7.8,13.6,16.5,80.6,59,0
11/30/21,44.5,63.2,6,12.3,19.2,31.5,80.6,46.4,0
12/1/21,30.1,59.2,6.7,10.7,17.5,23.3,71.4,45.3,0
12/2/21,30.7,59.2,6.7,5.3,9.7,14.4,70.2,43.3,0
12/3/21,30.4,60.4,6.7,7.9,17.5,23.3,72.1,43,0
12/4/21,34.4,60.5,6.7,4.1,9.7,17.5,72.1,42.3,0
12/5/21,38.4,60.5,6.5,3.9,9.7,14.4,73.4,44.1,0
12/6/21,36.5,62.9,6.7,6.1,13.6,14.6,73.4,45.5,0
12/7/21,45.8,66.5,6.7,4.2,9.7,13.8,75.7,46,0
12/8/21,53.7,69,6.4,2.7,5.8,999.9,79.7,53.1,0
12/9/21,53.1,67.5,5.7,3.2,7.8,9.9,79.7,54,0
12/10/21,54.2,67.3,5.8,3.2,5.8,999.9,77.7,52.5,0
12/11/21,57.9,69.3,6,2.9,3.9,999.9,80.6,54.5,0
12/12/21,52.6,65.9,6.4,10.5,19.4,22.7,80.2,55.4,0
12/13/21,48.7,61.9,6.7,6,13.6,20.6,79,52.3,0
12/14/21,54.1,66.2,6,3.5,7.8,12.6,76.1,52.3,0.01
12/15/21,63.8,67.8,3.9,3.7,5.8,999.9,76.1,54.7,0.02
12/16/21,65.2,71.2,5.3,6.3,13.6,16.7,79,62.8,0.04
12/17/21,46.1,62,6.7,14,23.3,29.1,79,52.5,0.02
12/18/21,34.6,58.5,6.7,10.8,15.5,23.9,71.1,50,0
12/19/21,32.2,61.5,6.5,4.9,13.6,17.1,68,48.9,0
12/20/21,50.2,56.3,5.6,6.2,13.6,20.2,64.6,49.5,2
12/21/21,56,60.5,6,7,13.6,20.2,66.2,52.2,0.83
12/22/21,49.8,64.9,6.7,5.3,9.7,17.5,72.5,54.1,0
12/23/21,54.4,61.3,6.5,3.3,5.8,9.9,72.5,55.4,0
12/24/21,57.6,65.4,5.8,3.8,7.8,11.3,75.4,55,0
12/25/21,48.9,61.7,5.9,10.6,15.5,999.9,75.4,50.7,0
12/26/21,41.9,49.4,6.7,12.5,17.5,21,71.2,42.1,0.3
12/27/21,37.4,48.7,6.7,9.1,13.6,21,55.2,42.1,0.01
12/28/21,44,51.5,5.7,6,7.8,13.8,56.5,43.7,0
12/29/21,48,54.7,5.7,7.2,9.7,17.3,62.4,47.1,0
12/30/21,43.8,60.3,6.7,8,11.7,17.3,67.8,51.6,0
12/31/21,45.4,60.6,6.7,4,9.9,15,70,49.1,0
1/1/22,48.3,63.3,6.3,5.3,11.7,12.4,73.4,49.1,0
1/2/22,50.7,63.5,6.6,4.1,7.8,12.4,73.6,51.3,0
1/3/22,54.7,65.2,5.5,2.6,5.8,999.9,77,52,0
1/4/22,57.9,67.5,4,3.4,5.8,999.9,77,53.2,0
1/5/22,59.5,68,4.9,2.7,5.8,11.7,77,54.5,0
1/6/22,53.8,65.9,6.1,5,9.7,19.4,75.6,54.9,0
1/7/22,48.8,61.6,6.7,7.1,11.7,13.4,74.3,52.2,0
1/8/22,51.2,62.9,6.2,3.4,5.8,13.2,71.6,51.4,0
1/9/22,51.8,58.8,6.5,5.8,11.7,14.6,70.2,53.1,0
1/10/22,51.9,56.6,6.4,7.4,15.5,21.8,64.9,51.8,0.12
1/11/22,40.3,54.6,6.7,9.3,21.4,25.3,64.9,48.2,0.02
1/12/22,42,56.2,6,4.2,7.8,9.9,63,48.2,0
1/13/22,42.1,57.4,6.4,6.8,11.7,14.6,64.4,48.9,0
1/14/22,44.8,56.9,6,3.5,5.8,14.6,63.1,51.8,0
1/15/22,54.2,61.4,3.4,3.1,5.8,999.9,67.5,53.1,0
1/16/22,56,63.2,4.2,5.7,9.7,11.8,72.3,56.5,0
1/17/22,50.8,57.6,6.3,8.1,11.7,18.3,72.3,52.2,0
1/18/22,49.2,56.4,6.6,5.5,11.7,17.3,64.9,48.2,0.01
1/19/22,46.6,57,6.7,5.7,11.7,14.4,68,45.9,0
1/20/22,50.3,61.5,6.7,3.2,5.8,10.5,72,45.9,0
1/21/22,54.6,66.1,6,2.6,5.8,11.7,73.4,51.8,0
1/22/22,61.6,66,3.8,2.9,5.8,999.9,73.2,52.7,0.01
1/23/22,64.5,67.5,4,2.6,7.8,999.9,72,61.2,0.07
1/24/22,55.8,58.4,5,6.8,11.7,17.1,70.3,53.6,0.18
1/25/22,56.3,61.3,6.4,4,6.2,17.1,66.9,54.3,0
1/26/22,59.4,64.3,6,2.6,5.8,10.1,70.3,55.2,0
1/27/22,62.3,70,6.3,4.2,7.8,19.4,79,56.7,0
1/28/22,53.5,62.4,6.7,7.6,11.7,15.7,79,55.4,0
1/29/22,45.5,51.1,6.7,10.4,15.5,22.5,71.2,45.9,0.03
1/30/22,39.4,49.8,6.7,10.5,15.5,22.5,59.7,44.6,0
1/31/22,44.2,46.4,5.3,6.2,11.7,16.7,59.4,43.3,0.45
2/1/22,46.6,49.8,6.3,7.1,11.7,16.5,53.6,43.3,0.75
2/2/22,47,48.9,6.1,7.2,11.7,17.9,51.8,45.5,1.02
2/3/22,44.6,49.8,6.6,8.9,11.7,17.3,51.8,45,0.38
2/4/22,40.4,50.4,6.7,9.5,13.6,17.9,59.5,44.1,0
2/5/22,42.4,52.2,6.7,6.4,11.7,17.7,59.5,44.1,0
2/6/22,48.7,54.6,7.2,3.5,7.8,12.6,60.4,46.2,0
2/7/22,53.2,56.7,5.6,6.6,11.7,14.8,61,50,0.07
2/8/22,44,49.9,6.7,8.3,13.6,18.8,61,47.3,0
2/9/22,45.2,49.3,6.7,6,11.7,16.7,57.4,47.3,0
2/10/22,50.8,51.9,5.2,3.4,5.8,16.1,57.9,47.7,0.01
2/11/22,56.3,61.9,6,4.8,9.7,14.8,74.5,48.2,0.01
2/12/22,52.5,59,6.7,7.9,11.7,17.1,74.5,53.6,0
2/13/22,48.7,52.6,6.7,8,13.6,20.6,72.7,49.6,0.11
2/14/22,47.9,59.6,6.7,5.5,9.7,16.1,71.4,49.6,0
2/15/22,50.4,62.1,6.7,4.4,9.7,15.2,71.8,51.1,0
2/16/22,56.3,62.9,5.6,4.8,5.8,10.7,71.8,53.4,0.07
2/17/22,58.6,59.9,4.1,4.9,9.7,14,69.3,56.7,0.18
2/18/22,53.7,55.7,5,8.7,17.5,20.2,63.7,48.2,0.06
2/19/22,43.5,45.5,5.1,14.6,19.4,28.7,63.7,41.4,2.45
2/20/22,40.9,43.1,5.2,11.3,19.4,28.7,46.4,40.1,1.8
2/21/22,42.6,44.4,5.5,8.5,11.7,19.4,46.4,39.9,0.8
2/22/22,43.5,45.8,5.4,8.8,11.7,21,48.4,40.5,0.13
2/23/22,39.3,48.7,6.7,11.7,17.5,23.3,57.4,41.9,0
2/24/22,40.7,52.5,6.7,5.7,9.7,19,61.9,41.9,0
2/25/22,44.9,57.1,6.7,3.5,9.7,11.5,67.3,44.1,0
2/26/22,50.7,63.3,5.6,2.9,5.8,999.9,75.9,45,0
2/27/22,54.3,67.4,5.7,5,11.7,16.5,78.8,47.1,0
2/28/22,59.5,70.7,6.7,4.6,9.7,14,78.8,52.5,0
3/1/22,61.2,72.8,5.8,4.9,11.7,12,80.6,59.2,0
3/2/22,61.2,73.2,6.2,5.2,9.7,13.2,82.9,61.3,0
3/3/22,61.6,71.4,5.6,4.3,9.7,13,82.9,58.5,0
3/4/22,63,73.9,5,3.2,5.8,12.6,84.2,58.3,0
3/5/22,65,76.1,4.6,5.9,11.7,13.2,86,60.1,0
3/6/22,60.7,72.3,6.4,6.6,15.5,999.9,84,64,0.44
3/7/22,46.2,65.8,6.7,10.1,17.5,30.5,79.2,48.7,0.13
3/8/22,44.3,64.6,6.7,4.6,11.7,13.2,75.2,47.8,0
3/9/22,49.9,66.7,6.7,3.9,7.8,13.2,78.8,47.1,0
3/10/22,56.8,71.5,6.7,3.7,9.7,12.8,82.4,51.4,0
3/11/22,60.9,72.6,6.7,3.6,5.8,11.7,82.4,57.2,0
3/12/22,62.2,75.6,6.4,4.7,9.7,14.8,86,59,0
3/13/22,65.8,77.8,6.7,3.7,5.8,13.6,86,62.1,0
3/14/22,67.3,78.2,6.5,2.8,3.9,999.9,86.2,64.8,0
3/15/22,67.7,79.1,5.2,4.4,9.7,14,87.8,64.4,0
3/16/22,67.7,76,6.7,5,7.8,14,87.3,67.1,0
3/17/22,71.1,76.5,5,4.4,7.8,13,84.2,68.4,0.43
3/18/22,67.4,76.9,6,5,11.7,14,84.7,68,0
3/19/22,69,77.9,6.2,6.9,11.7,16.1,86,69.3,0
3/20/22,69.8,74.5,5.7,5.3,9.7,15.7,82.8,70.2,0.13
3/21/22,72.6,77.9,5.7,6.3,9.7,15.3,82.4,70.3,0
3/22/22,64.7,69.1,6.1,9.8,13.6,25.1,85.1,55.2,0.43
3/23/22,54.3,56.2,6,6.1,13.6,25.1,85.1,53.8,1.13
3/24/22,59.2,59.5,3.7,2.7,5.8,9.9,63.7,54.3,1.38
3/25/22,72,72.6,3.3,3,7.8,11.5,77.4,55.9,1.76
3/26/22,67.1,72.7,5.6,8.5,17.5,19,89.6,63.9,0.41
3/27/22,56.2,63.2,6.5,8.9,13.6,21.2,86.4,56.1,0.74
3/28/22,56.9,61.1,6.7,4.2,7.8,16.1,72.3,56.1,0.17
3/29/22,61.1,65.4,6.7,2.9,5.8,999.9,68,56.1,0
3/30/22,68,73,6,2.7,5.8,999.9,81.5,60.4,0
3/31/22,67.1,77,5.7,7.2,17.5,21,86.2,64.6,0.04
4/1/22,53.5,60.5,6.6,12.7,17.5,24.1,86.2,53.6,0.02
4/2/22,42.1,60.4,6.6,10.4,17.5,22.5,64.4,52.9,0.01
4/3/22,42.3,66.9,6.7,4.7,10.1,21.2,77.9,50.2,0
4/4/22,48.3,70.2,6.6,3.2,7.8,10.7,82.4,49.6,0
4/5/22,54.5,72.9,6.4,3.8,5.8,12,84.2,53.2,0
4/6/22,58.8,77.4,6.1,3.7,5.8,12.4,87.8,58.1,0
4/7/22,54.9,76.6,6.5,5.2,11.7,17.1,87.8,60.8,99.99
4/8/22,57.3,76.7,5.9,3.9,5.8,13.2,87.8,60.1,0
4/9/22,58.3,76.6,6.7,3.7,5.8,13.2,87.8,60.4,0
4/10/22,56.8,78.6,6.7,3.8,7.8,10.1,89.6,60.1,0
4/11/22,66.3,79.7,6.7,3.7,7.8,13.6,89.6,63.1,0
4/12/22,68.8,81.6,6.7,6.5,9.7,14.2,91.4,67.5,99.99
4/13/22,65.2,76,6.7,8.2,13.6,20.6,86.7,63.9,0
4/14/22,60.6,77.2,6.7,6.9,11.7,20.6,86.5,63.9,0
4/15/22,63,78.2,6.7,6.2,9.7,15.7,86.5,68.2,0
4/16/22,61.8,66.9,6.1,7.3,11.7,15.7,84.2,59.7,0.04
4/17/22,59.4,63.4,6.4,5.8,9.7,999.9,75,59.7,0.06
4/18/22,59,60.9,5.5,5.6,9.7,999.9,70.9,58.1,0.34
4/19/22,60.5,62.6,6,3.5,7.8,999.9,66.2,57.6,0.5
4/20/22,64.4,70,5.2,2.9,5.8,999.9,75.2,57.9,0
4/21/22,68.1,77.6,4,4.1,7.8,999.9,84.4,62.1,0
4/22/22,72.6,78.2,5.8,5.2,7.8,999.9,86,69.8,0.04
4/23/22,73.9,76.8,4.9,4.1,11.7,999.9,86,69.8,4.74
4/24/22,75.8,80.7,5.9,6.6,15.5,999.9,87.8,69.8,0.27
4/25/22,76.1,83.3,6.7,7.9,13.6,999.9,91.4,74.7,0
4/26/22,76.3,82.6,6.7,6.2,13.6,999.9,89.6,76.8,0
4/27/22,75.8,84.4,6.7,6.2,11.7,999.9,91.4,76.5,0
4/28/22,76.9,83.3,6.7,7,11.7,999.9,91.4,74.3,0.06
4/29/22,72.4,79.7,6.7,5.4,11.7,999.9,91.4,71.6,0
4/30/22,69,74.7,6,7.6,13.6,999.9,86.9,62.6,0.43
5/1/22,59.4,61.1,5.4,9.6,13.6,999.9,83.8,56.7,2.48
5/2/22,56.5,66,6.7,6.8,13.6,999.9,73.4,56.7,0.07
5/3/22,58,72.6,6.7,4,7.8,999.9,82.4,57.6,0
5/4/22,61.3,76.3,6.6,3.1,5.8,999.9,86,60.1,0
5/5/22,67.4,79.5,6.2,2.8,7.8,999.9,87.8,63.9,0
5/6/22,69.3,81.8,6.2,3.6,5.8,999.9,91.4,66.9,0
5/7/22,73.4,74.7,3.8,3,5.8,999.9,87.4,71.1,0.54
5/8/22,70.5,74,5.6,3.9,5.8,999.9,80.4,68.9,0.11
5/9/22,71.7,78.8,6.6,4,9.7,999.9,84.2,68.9,0
5/10/22,75.9,77.5,5.7,4.8,9.7,999.9,83.1,70.7,0.72
5/11/22,75.5,76.9,6,5.4,17.5,999.9,82.4,73.4,0.56
5/12/22,74.2,74.4,5.7,3.6,11.7,999.9,79.3,73.4,3.2
5/13/22,71.8,72.7,5.7,5.3,11.7,999.9,79.3,69.8,1.55
5/14/22,71.8,73.5,5.4,4.5,9.7,999.9,77,69.4,1.99
5/15/22,64.8,69.2,5.8,10.3,15.5,999.9,77,62.6,0.31
5/16/22,60.2,67.9,6.3,8.2,15.5,999.9,75.9,58.8,0.1
5/17/22,62,74.3,6.7,3.4,7.8,999.9,86,58.1,0
5/18/22,64.6,78.5,6.7,2.7,3.9,999.9,85.3,62.6,0
5/19/22,67.7,81.1,6.7,3.6,5.8,999.9,87.8,69.1,0
5/20/22,71.8,83.6,6.1,4.2,7.8,999.9,91.4,71.8,0
5/21/22,73.8,78.2,4.8,5.5,9.7,999.9,91,71.6,1.21
5/22/22,73.7,75.2,4.8,5.1,7.8,999.9,84.9,71.6,0.27
5/23/22,74.9,76.2,4.7,4.7,7.8,999.9,82.8,72,0.06
5/24/22,76.8,81.1,6,3.7,5.8,999.9,87.8,72.5,0
5/25/22,77.7,81.4,5.5,3.6,7.8,999.9,87.8,76.1,0.11
5/26/22,76.9,84.4,6.7,4.8,9.7,999.9,91.4,77,0
5/27/22,78.2,79.4,5.3,4.1,15.5,999.9,87.8,76.1,1
5/28/22,78.4,84.8,6.6,7.1,11.7,999.9,93.2,76.1,0.07
5/29/22,79,84.4,6.6,5.6,13.6,999.9,91.4,78.6,0.1
5/30/22,77.7,86.1,6.7,5.2,11.7,999.9,95,77.5,0
5/31/22,78.2,82.8,6.6,5.4,9.7,999.9,93.2,77.4,0
6/1/22,78.8,82.4,6.5,4.5,9.7,999.9,89.4,75.2,1.57
6/2/22,78.9,83.7,6.7,7.3,11.7,999.9,91.4,75.9,0.57
6/3/22,79.9,83.8,6.6,7.2,17.5,999.9,93.2,77.7,0.38
6/4/22,79.4,87,6.7,8.3,13.6,19.4,95,78.4,0.01
6/5/22,78.5,87.2,7.2,8,11.7,999.9,93.2,81.3,0
6/6/22,77.7,81,6.1,4.7,11.7,999.9,91.4,74.5,0.99
6/7/22,76.9,78.4,5.7,5,13.6,27.2,89.1,73.9,1.9
6/8/22,77.1,80.5,6,6.3,13.6,999.9,86,73.9,0.02
6/9/22,77,77.9,4.6,5.1,13.6,999.9,84.2,75,2.98
6/10/22,78.5,81.3,6.4,4.2,9.7,999.9,87.8,75,0.12
6/11/22,78.3,81.2,6,5.5,15.5,999.9,87.8,77.2,0.2
6/12/22,79,81.8,6.5,5.1,13.6,999.9,91.4,75,0.46
6/13/22,79.1,82.1,5.9,6.2,19.4,35,91.4,75,2.29
6/14/22,77.1,77.9,6.2,4.2,11.7,23.3,90.7,75.2,0.82
6/15/22,76.1,78,5.6,3.4,17.5,999.9,86.9,73.4,1.28
6/16/22,78.8,81.2,4.9,4.5,11.7,999.9,87.8,73.6,0.14
6/17/22,78.7,84.9,6.7,8.6,17.5,999.9,89.6,75.9,0
6/18/22,79.6,83.7,6.5,8.3,13.6,999.9,89.6,77.7,0.52
6/19/22,80.5,84,6,7.5,11.7,999.9,91.4,77.7,0.13
6/20/22,79.7,83.8,6.6,7.4,11.7,19.4,87.8,80.1,0.6
6/21/22,79.8,83.1,6.7,5.9,9.7,999.9,86,80.6,0
6/22/22,78.2,86.6,6.7,7.3,11.7,999.9,95,80.2,0
6/23/22,77,87.5,6.7,5.8,9.7,17.5,96.8,76.5,0
6/24/22,76.4,88.4,6.7,5.1,9.7,999.9,96.8,76.1,0
6/25/22,76,88.1,6.7,6.8,13.6,999.9,98.6,76.5,0
6/26/22,77.1,85.5,6.7,5.3,9.7,19.4,95,77,0.13
6/27/22,79.1,86.7,6.7,6.8,15.5,25.3,95,77.9,0
6/28/22,77.1,88.4,6.7,5.1,7.8,999.9,96.8,76.5,0
6/29/22,78.4,87.8,6.7,5.4,13.6,999.9,98.6,76.1,0
6/30/22,77.7,84.4,6.7,6.1,15.5,25.3,96.4,77.2,0.08
7/1/22,76.3,83.7,6.7,10,13.6,999.9,91.4,76.6,0.28
7/2/22,77.8,78.9,5.3,11.3,15.5,21.4,88.5,76.1,3
7/3/22,80,81.4,5,11.2,19.4,27.2,86,76.6,1.22
7/4/22,80.7,81.5,6.2,7,13.6,999.9,84.2,78.4,0.56
7/5/22,81.5,83.7,6.5,5.3,9.7,999.9,87.8,79,0.06
7/6/22,79.3,81.9,6.5,4.9,9.7,999.9,86.9,78.8,0.01
7/7/22,78.6,80,6.4,5.2,9.7,13.6,89.6,75.2,1.51
7/8/22,79.5,85.2,6.5,4.5,9.7,999.9,95,77.2,0
7/9/22,79,87.4,6.7,4.3,7.8,999.9,95,77.4,0.2
7/10/22,78.5,88.7,6.7,4.9,9.7,999.9,98.6,77.2,0
7/11/22,76.5,89.5,6.7,5,9.7,999.9,98.6,76.5,0
7/12/22,75.7,89.3,6.7,4.6,9.7,999.9,98.6,76.1,0
7/13/22,75.2,89.6,6.7,3.7,5.8,999.9,98.6,76.5,0
7/14/22,77.2,90.2,6.7,5.2,7.8,17.5,98.6,76.8,0
7/15/22,78.6,86.2,6.7,4.7,15.5,25.3,100.4,77.9,1.2
7/16/22,78.6,90.8,6.7,8.7,11.7,999.9,98.6,77.9,0
7/17/22,79.8,89.2,6.7,6.1,11.7,999.9,96.8,83.3,0.02
7/18/22,81.1,87.9,6.7,5.9,11.7,999.9,95,82.4,0
7/19/22,78.7,89.1,6.7,7,11.7,999.9,98.6,78.8,0.04
7/20/22,77.7,89.2,6.7,7.1,13.6,999.9,100.4,78.1,0
7/21/22,77.2,90.9,6.7,5.2,9.7,999.9,100.4,77.5,0
7/22/22,75.8,92.4,6.7,3.6,5.8,999.9,102.2,77.4,0
7/23/22,76.8,93.4,6.7,4.3,7.8,15.5,102.2,78.8,0
7/24/22,77.3,93.9,6.7,3.9,7.8,13.6,104,80.6,0
7/25/22,78.9,94.6,6.6,4.9,9.7,999.9,104,80.2,0
7/26/22,78.3,92.9,6.6,6,9.7,999.9,104,82.6,0
7/27/22,77.5,92.2,6.7,4.8,9.7,13.6,102.2,79.9,0
7/28/22,78,93.4,6.7,4.4,7.8,999.9,102.2,79.7,0
7/29/22,76,94.1,6.5,5.4,9.7,21.4,104,80.1,0
7/30/22,76.4,83.4,6.4,5,27.2,42.7,100.4,75.2,0.04
7/31/22,75.6,90.9,6.7,4,7.8,13.6,100.4,75.2,0
8/1/22,75.4,92.6,7.2,4,7.8,999.9,102.2,78.6,0
8/2/22,74.9,91.6,6.7,5.3,9.7,999.9,100.4,78.1,0.23
8/3/22,77.9,82.7,6,4.5,11.7,999.9,99.9,77.2,0.09
8/4/22,78,80.7,5.1,8.5,17.5,999.9,91.4,76.8,1.22
8/5/22,77,83.7,6.7,7.4,13.6,999.9,93.2,76.3,0.02
8/6/22,78.2,84.1,6.7,5.3,13.6,999.9,96.8,75.2,0.11
8/7/22,75.8,89.1,6.7,5.3,7.8,999.9,98.6,75,0
8/8/22,76.2,83.8,6.5,5.3,23.3,999.9,98.6,75.4,0.63
8/9/22,76,81.7,6.5,7.5,15.5,999.9,94.5,75.4,0.67
8/10/22,77.6,80.8,6.2,8.8,19.4,999.9,87.8,75.4,2.09
8/11/22,78.3,79.8,5.8,5,11.7,999.9,87.6,74.5,0.48
8/12/22,77.5,78.2,6.4,4.4,9.7,999.9,86,73.9,0.63
8/13/22,78.3,83.2,6.1,3.6,9.7,999.9,89.8,73.9,0
8/14/22,77.9,88.3,6.2,3.8,7.8,999.9,95,76.5,0
8/15/22,77.4,91,6.7,3.9,7.8,999.9,100.4,78.1,0
8/16/22,77.6,87.3,6.7,4.5,13.6,999.9,98.6,77.4,0
8/17/22,77.2,84.6,6.7,5.7,13.6,999.9,95,76.6,0
8/18/22,78.6,85,6.7,4,7.8,999.9,91.9,76.6,0
8/19/22,78.3,85,6.7,5.7,25.3,999.9,95,76.8,0.04
8/20/22,77.6,81.1,6.5,5.6,17.5,25.3,93,76.5,0.79
8/21/22,78.8,82.7,6.6,3.9,11.7,21.4,93.2,76.5,0
8/22/22,78.4,87.9,6.7,3.3,7.8,19.4,95.4,77.7,0
8/23/22,79.5,91.6,6.7,3.8,7.8,999.9,100.4,77.7,0
8/24/22,76.3,90.6,6.7,9.5,15.5,25.3,100.4,76.6,0.13
8/25/22,75.9,80,6.3,8.8,15.5,25.3,97.2,75,0.79
8/26/22,80,83.9,6.7,4.5,9.7,999.9,93.2,75,0.09
8/27/22,78.3,87.6,6.7,3.4,5.8,999.9,95.2,77,0
8/28/22,79.3,90.5,6.5,4.7,11.7,13.6,100.4,77.5,0
8/29/22,79.9,87.4,6.3,4.2,7.8,999.9,96.6,79.3,0
8/30/22,78.1,83.8,6.3,4.9,13.6,999.9,91.9,76.3,0.26
8/31/22,79.1,86.1,6.6,5.3,11.7,999.9,93.7,76.1,0.17
9/1/22,75.1,84.3,6.3,8.9,13.6,999.9,93.7,76.5,0
9/2/22,69.2,84.1,6.7,10.8,15.5,25.3,91.4,73.6,0
9/3/22,66.2,85.1,6.7,8.7,15.5,21.4,93.2,72.9,0
9/4/22,66.8,86.5,6.7,8.5,15.5,999.9,93.2,74.1,0
9/5/22,67.9,86,6.7,5.5,11.7,999.9,93.2,72,0
9/6/22,69.3,87.7,6.7,6.8,11.7,999.9,95,73,0
9/7/22,76.6,87.1,6.7,6.2,9.7,999.9,95,77.2,0
9/8/22,77.3,82.6,6.3,5.2,15.5,27.2,94.6,74.5,1.33
9/9/22,76.4,85.5,6.7,4,9.7,999.9,94.6,74.5,0
9/10/22,76.4,87,6.6,3.8,7.8,999.9,96.8,74.7,0
9/11/22,73.8,87,5.9,4,9.7,999.9,95.7,73.6,0
9/12/22,68.2,87.5,6.7,6.2,13.6,999.9,96.8,73.2,0
9/13/22,68.6,88.7,6.7,4.6,9.7,999.9,98.6,72.5,0
9/14/22,67.8,87.2,6.7,5.3,13.6,19.4,96.8,72.1,0
9/15/22,66.2,86.9,6.7,4.7,7.8,17.5,95.4,71.8,0
9/16/22,70.8,87.7,6.6,4.4,7.8,999.9,96.8,72.1,0
9/17/22,74.2,89.7,5.5,3.9,7.8,999.9,98.6,74.5,0
9/18/22,74.6,89.1,5.3,4.9,33,44.7,100.4,75.2,0
9/19/22,75.4,88.3,5.7,3.9,7.8,999.9,98.6,77.2,0.2
9/20/22,74.1,85.4,6.3,5.3,15.5,999.9,96.8,76.8,0
9/21/22,74.8,84.6,6.7,4.9,7.8,999.9,93.4,74.1,0
9/22/22,75.2,84.3,6.5,4.2,9.7,999.9,93.2,74.1,0
9/23/22,73.3,85.9,6.3,6.1,9.7,999.9,93.2,74.5,0
9/24/22,72.7,85.3,6.4,4.7,7.8,999.9,93.2,73.6,0
9/25/22,73.4,85.9,6.3,4,7.8,999.9,95,73.2,0
9/26/22,71.8,86.7,6.7,5.1,9.7,999.9,96.8,73,0
9/27/22,74.5,87.6,6.7,5.8,13.6,999.9,95,73.8,0
9/28/22,74.4,87,6.7,5.3,9.7,999.9,96.8,73.9,0
9/29/22,75.3,86.9,6.7,5.9,9.7,999.9,95,73.9,0
9/30/22,76.2,81,6.7,5.8,13.6,25.3,92.1,74.5,0.06
10/1/22,77.2,82.9,6.7,4.7,19.4,999.9,91.4,74.1,0.07
10/2/22,77.6,85.1,6.7,4.9,7.8,999.9,93.2,74.1,0.57
10/3/22,77.4,86,6.7,3.2,7.8,999.9,95,73.9,0.1
10/4/22,77.6,88.3,6.6,3.5,5.8,999.9,98.6,73.6,0
10/5/22,76.4,86.6,6.3,5.3,9.7,999.9,95.7,75.2,0.17
10/6/22,75,85.7,6.7,4.8,9.7,999.9,95,74.5,0
10/7/22,68.3,78.7,6.7,9.2,11.7,999.9,91.9,68.7,0
10/8/22,67.8,78.6,6.7,6.2,11.7,999.9,87.4,68,0
10/9/22,62.7,75.8,6.7,14.6,21.4,999.9,86.7,66.4,0
10/10/22,48.3,72.9,6.7,12.6,21.4,27.2,86.2,61.5,0
10/11/22,45.1,73.2,6.7,7.9,13.6,999.9,82.4,57.2,0
10/12/22,48.8,74.7,6.7,7.1,13.6,999.9,84.2,57.2,0
10/13/22,54.9,78.9,6.7,6.9,13.6,999.9,87.8,58.6,0
10/14/22,55.3,79.7,6.2,9,13.6,19.4,87.8,63.5,0
10/15/22,55.2,80.2,6.7,9.5,15.5,999.9,89.6,64.8,0
10/16/22,55.9,82.9,6.7,11.6,15.5,25.3,89.6,69.8,0
10/17/22,52,81,6.2,15.9,21.4,999.9,89.4,67.3,0.02
10/18/22,45,74.7,6.2,14.5,19.4,27.2,83.7,65.3,0
10/19/22,46.5,73,6.7,7.1,13.6,999.9,78.8,63.9,0
10/20/22,56.3,76.4,6.7,3.9,9.7,999.9,86,63.5,0
10/21/22,62.9,79.7,6.2,3.2,7.8,999.9,91.4,63.3,0
10/22/22,55.7,81.3,6.4,6.1,15.5,999.9,95,64.4,0
10/23/22,61.4,83.3,6.7,6.9,13.6,999.9,93.2,65.7,0
10/24/22,65.6,80.7,6.7,4.3,7.8,999.9,92.8,66.6,0
10/25/22,64.7,77.9,6.7,5.4,9.7,999.9,88.7,63.3,0
10/26/22,64.9,77.3,6.7,4.2,5.8,999.9,86,62.8,0
10/27/22,66.2,79.3,6.7,4.5,11.7,999.9,89.6,64,0
10/28/22,61.3,78.4,6.7,9.2,15.5,999.9,87.8,67.5,0
10/29/22,61.8,75.7,6.7,12.8,17.5,27.2,86.4,67.6,0
10/30/22,60.4,76.3,6.7,12.2,21.4,999.9,84.2,67.6,0
10/31/22,56.2,76.9,6.7,15.9,23.3,33,84.2,68.5,0
11/1/22,56.1,76.1,6.7,15.4,23.3,33,82.4,67.5,0.01
11/2/22,62.2,66.7,6.4,11.3,15.5,999.9,79.2,62.8,0.06
11/3/22,66,67.7,5.4,7.4,11.7,999.9,71.6,63,0.25
11/4/22,63.4,66.6,5.9,10.1,13.6,999.9,71.6,61.9,0.21
11/5/22,60.8,65.4,6.7,7.5,13.6,999.9,71.8,60.6,0.19
11/6/22,63.8,66.7,6.4,2.8,5.8,999.9,71.8,60.6,0.27
11/7/22,66.1,68.7,6.1,3.6,7.8,999.9,71.8,61.2,0.19
11/8/22,69.1,70.1,4.6,3,5.8,999.9,73.4,65.7,0.61
11/9/22,70.2,75.1,6.2,2.9,5.8,999.9,82.4,66,0
11/10/22,70.8,75.3,3.1,2.7,5.8,999.9,84.2,66.2,0
11/11/22,70.6,76.9,2.9,2.4,5.8,999.9,87.8,65.8,0
11/12/22,70.2,76.1,3.1,2.5,5.8,999.9,86.9,65.3,0
11/13/22,71.1,80,5.4,2.9,3.9,999.9,89.6,66,0
11/14/22,67.2,76.5,6.1,4.5,9.7,999.9,88.5,68.5,0
11/15/22,66.9,75.8,6.1,3.9,7.8,999.9,84.2,69.6,0
11/16/22,70,75.3,4.9,4.1,5.8,999.9,82.4,69.8,99.99
11/17/22,71,76.3,4.9,3.9,5.8,999.9,82.4,69.8,0
11/18/22,70.7,77.6,5.1,3.4,5.8,999.9,89.6,67.5,0
11/19/22,68.7,77.3,6.1,6.2,9.7,999.9,86.2,68,0
11/20/22,66.2,76.1,6.7,4.5,9.7,999.9,86.2,67.3,0
11/21/22,69.9,78.2,6.6,5.7,9.7,999.9,86,66.9,0
11/22/22,72.8,73.2,4.4,4,7.8,999.9,84.4,69.4,0.46
11/23/22,68.6,70.3,6,5.3,9.7,999.9,74.1,67.6,0.5
11/24/22,66.5,66.7,5.3,4.5,9.7,999.9,72.5,66.2,0.53
11/25/22,67.2,67.3,3.7,3.8,9.7,999.9,69.8,66.2,1.2
11/26/22,68.9,70,5.6,3.2,5.8,999.9,72.3,66.2,0.41
11/27/22,71.8,72.6,4.5,4.3,7.8,999.9,73.4,66.6,0.02
11/28/22,75.8,79.2,5.7,6.1,13.6,999.9,86,69.4,0
11/29/22,72,77.4,6.4,6.8,15.5,999.9,86,64.4,0
11/30/22,50,58.2,6.7,15.1,17.5,999.9,83.1,50.7,0
12/1/22,43,50.8,6.7,12.5,17.5,999.9,63.9,46,0
12/2/22,45.3,53.6,6.7,8.1,13.6,999.9,60.1,44.6,0
12/3/22,53.7,61.1,6.7,5.7,9.7,999.9,67.1,47.1,0
12/4/22,51,59.1,6.7,10.4,13.6,999.9,67.1,52.7,0
12/5/22,44.8,54.3,6.7,12,15.5,999.9,66.6,50.4,0
12/6/22,46.6,55.4,6.7,7.4,11.7,999.9,60.8,50.4,0
12/7/22,50.9,60.3,6.7,5.6,9.7,999.9,69.6,50.5,0
12/8/22,51.4,62,6.7,5.9,9.7,999.9,72.7,52.2,0
12/9/22,51.1,61.9,6.7,8.5,13.6,21.4,72.7,54.7,0
12/10/22,45.6,61.6,6.7,10.4,15.5,999.9,71.6,51.6,0
12/11/22,43.8,58.8,6.7,11.3,15.5,999.9,71.1,52.7,0
12/12/22,42,56.9,6.1,14.4,23.3,27.2,64.8,50.5,0
12/13/22,40.6,56.1,6.1,10.6,15.5,999.9,64.8,48.4,0.01
12/14/22,43.9,54.7,6.7,9,15.5,999.9,61.9,48.4,0.01
12/15/22,52.4,55.9,4.6,3.5,7.8,999.9,60.8,48.4,0.28
12/16/22,51.3,58,5.9,12.4,19.4,25.3,62.6,52.2,0.28
12/17/22,33.9,53.2,6.7,14.5,23.3,33,60.1,46.4,0
12/18/22,23.1,50,6.7,9.2,19.4,999.9,59,41,0
12/19/22,33.4,53.6,6.7,3.6,7.8,999.9,66.2,39.7,0
12/20/22,40.5,60.8,6.7,5.8,11.7,999.9,69.8,42.1,0
12/21/22,37.5,58.8,6.7,7.1,13.6,999.9,68.7,41.5,0
12/22/22,37.7,59.5,6.7,4.9,11.7,999.9,71.6,39.7,0
12/23/22,37.4,59.6,6.7,5,9.7,999.9,70.2,42.1,0
12/24/22,35.6,58.6,6.7,5.1,11.7,999.9,71.6,43,0
12/25/22,40.1,58.1,6.7,3.1,5.8,999.9,71.6,41,0
12/26/22,44.7,58.9,6.4,3.1,5.8,999.9,70,43.2,0
12/27/22,44.4,61.8,6.7,3.8,7.8,999.9,71.6,44.8,0
12/28/22,40.2,58.9,6.7,9.9,15.5,999.9,71.2,48.2,0
12/29/22,40.6,55.8,6.6,9,13.6,999.9,68.2,46.2,0
12/30/22,40.7,53.1,6.5,10.4,15.5,999.9,65.3,42.6,0
12/31/22,43,53.4,6.7,7.9,13.6,999.9,63.1,41.9,0
1/1/23,46.3,59.2,6.7,7.4,9.7,999.9,68,45.3,0
1/2/23,47.9,60.1,6.6,11.3,15.5,21.4,67.1,47.7,0.01
1/3/23,48.1,59,6,9.2,11.7,999.9,66.7,51.4,0.04
1/4/23,51.6,59.9,6.6,3.6,7.8,999.9,66.7,51.4,0
1/5/23,55.6,66.5,6.3,4.9,9.7,999.9,75.2,53.8,0
1/6/23,51.3,65.3,6.7,9.1,15.5,999.9,75.2,55.4,0
1/7/23,50.2,65.9,6.7,3.6,7.8,999.9,77,54,0
1/8/23,57.7,60.1,5.1,3.6,7.8,999.9,75.2,54.9,0.11
1/9/23,60.3,60.4,4,3,7.8,999.9,69.1,57.2,0.31
1/10/23,59.9,62.6,5.8,4.1,7.8,999.9,66.2,57.6,0.17
1/11/23,62,62.7,4.5,3.6,5.8,999.9,65.3,59,0.33
1/12/23,65.4,65.5,2.7,2.1,5.8,999.9,68,59.5,0.18
1/13/23,70,71.5,5.1,5.1,7.8,999.9,78.8,63,0.24
1/14/23,64.7,70.5,5.9,6.6,13.6,999.9,82.4,53.6,0
1/15/23,43.5,49.2,6.5,13.3,19.4,999.9,55.9,44.6,0
1/16/23,37.3,47.3,6.7,10.1,13.6,999.9,55.9,44.2,0
1/17/23,37.3,48.7,6.7,9.1,11.7,999.9,50.4,44.4,0
1/18/23,37.8,52.5,6.7,6.2,13.6,999.9,61.7,42.4,0
1/19/23,42.3,57.1,6.7,5.4,9.7,999.9,67.6,42.4,0
1/20/23,45.8,61.7,6.7,3.8,9.7,999.9,70.9,46,0
1/21/23,55,65.3,5.8,3.6,7.8,999.9,75.2,49.8,0
1/22/23,61,67.8,4.8,2.8,5.8,999.9,77,54.7,0
1/23/23,51.9,61.4,5.2,11.9,19.4,999.9,76.6,52.2,0
1/24/23,31.2,52.6,6.7,14.8,25.3,36.9,73,39.6,0
1/25/23,31.8,49.2,6.7,4.5,9.7,999.9,59.5,39.6,0
1/26/23,45.1,56.9,6.6,7.6,17.5,999.9,66.6,43.9,0
1/27/23,30.1,52.2,6.7,14.3,21.4,29.1,66.6,44.6,0
1/28/23,21.6,51.7,6.7,9.3,15.5,999.9,61.9,37.2,0
1/29/23,25.4,52.1,6.7,6,13.6,999.9,63.5,36.3,0
1/30/23,36.6,57.5,6.7,2.8,7.8,999.9,71.6,35.2,0
1/31/23,50.3,64.7,6.5,3.7,9.7,999.9,77,37.8,0
2/1/23,61.4,69.6,6.7,3.1,5.8,999.9,80.6,45.1,0
2/2/23,62,72.1,6.2,4.3,9.7,999.9,84.2,57.6,0
2/3/23,59.3,65,4.5,3.6,7.8,999.9,80.8,57.9,0.06
2/4/23,59.6,60.9,3.9,4.3,5.8,999.9,72.3,59,0.24
2/5/23,58.7,59.1,4.8,4.3,9.7,999.9,64.9,57.2,1.25
2/6/23,63.3,64.9,4.4,2.6,5.8,999.9,69.8,58.6,0
2/7/23,63.8,67,5.2,3.8,9.7,999.9,73.4,59.5,0
2/8/23,65.3,68.5,4.6,2.8,7.8,999.9,73.4,62.6,0.05
2/9/23,66.4,70,4.5,3.8,7.8,999.9,78.3,64.4,0
2/10/23,63.1,65,5.5,3.4,5.8,999.9,78.3,64.4,0.02
2/11/23,67.2,72.1,6.4,6.6,11.7,999.9,78.8,64.4,0
2/12/23,69.3,74.6,6.4,7.4,15.5,999.9,82.4,67.3,0
2/13/23,59.1,64.5,6.7,10,19.4,999.9,80.6,53.6,0.12
2/14/23,44.4,55.3,6.7,13,17.5,999.9,78.6,47.8,0
2/15/23,41.8,55.2,6.7,9.3,13.6,999.9,66.9,46.2,0
2/16/23,47.2,59.7,6.7,3.1,7.8,999.9,69.8,46.4,0
2/17/23,55.5,65.8,6.1,3.2,7.8,999.9,75.2,48.2,0
2/18/23,60.5,71.2,5.8,3.2,7.8,999.9,82.4,53.4,0
2/19/23,55.2,70,6.6,11.7,17.5,23.3,82.4,55.9,0
2/20/23,47.9,67.4,6.7,6,11.7,999.9,81.7,52.7,0
2/21/23,51.5,66.1,6.6,5.4,9.7,999.9,77.7,51.4,0
2/22/23,51.5,64.9,6.3,4.2,5.8,999.9,75.2,50.4,0
2/23/23,54.2,66.3,5.3,3,5.8,13.6,75.9,51.4,0
2/24/23,48.9,63.5,5.7,12.2,17.5,999.9,76.5,52.5,0
2/25/23,42.2,57.6,6.7,13.7,19.4,25.3,76.5,50.2,0
2/26/23,43.2,59.9,6.4,6.6,11.7,999.9,70,46.8,0
2/27/23,46.3,62.1,5.6,2.9,5.8,999.9,73.4,45.9,0
2/28/23,52,64.6,5.8,2.6,3.9,999.9,77,48.6,0
3/1/23,53.5,71.1,6.1,4.4,11.7,17.5,82.4,50.5,0
3/2/23,52.1,69.2,5.8,4.8,11.7,15.5,81.7,53.2,0
3/3/23,54.1,71,5.2,6.3,11.7,999.9,77.5,54,0
3/4/23,53.4,68.3,6.3,4.8,9.7,999.9,80.6,54.3,0
3/5/23,50.7,69.2,5.9,4,7.8,999.9,82.4,52.2,0
3/6/23,47.7,69.7,6,3.9,7.8,999.9,80.6,51.8,0
3/7/23,49.3,69.7,6.5,4,9.7,999.9,82.4,51.8,0
3/8/23,60.5,72.3,6.5,3.3,7.8,11.7,78.8,54,0
3/9/23,62.7,75.1,5.9,3.9,9.7,999.9,87.8,56.8,0
3/10/23,58.7,74,5.5,4.9,9.7,999.9,84.2,56.8,0
3/11/23,62.3,73.9,6.3,4.3,7.8,15.5,82.4,56.3,0
3/12/23,56.2,70.2,5.8,12.5,19.4,999.9,80.4,60.1,0
3/13/23,46.1,65.9,6.7,6.2,11.7,999.9,77,53.2,0
3/14/23,58.1,69.3,6,5.7,11.7,999.9,77,52.2,0
3/15/23,63.6,72,5.2,3.5,5.8,999.9,79.3,55.4,0
3/16/23,61.2,73.5,5.5,4.5,9.7,11.7,84.2,59.2,0
3/17/23,64.9,74.9,6.3,4.1,9.7,999.9,84.2,59.2,0
3/18/23,65.5,75.1,5.3,5.5,9.7,999.9,84.2,63.3,0
3/19/23,66.2,73.4,6.7,6.2,9.7,999.9,82.4,66,0
3/20/23,68.6,74.9,6.7,7.6,11.7,999.9,78.8,68.9,0
3/21/23,71.7,74.9,6.2,6.2,9.7,999.9,75.7,70.3,0
3/22/23,73.6,77.4,5.7,6.6,9.7,999.9,80.6,72,0
3/23/23,72.6,79.3,6.3,8.8,13.6,999.9,84.2,73.6,0
3/24/23,69.3,70.5,5.7,5.7,9.7,999.9,82.4,67.3,1.63
3/25/23,65.1,65.9,4.9,6.4,15.5,999.9,75.4,58.5,1.78
3/26/23,56.4,59.1,5.9,6.6,11.7,999.9,75,55,0.69
3/27/23,55.7,58.3,5.7,4.7,11.7,999.9,60.8,55,0.36
3/28/23,58.4,59.8,6,3.9,7.8,999.9,60.8,55,0.32
3/29/23,62.1,62.1,4.1,4.1,7.8,999.9,64.8,57.7,0.2
3/30/23,63.1,63.5,4.4,4,7.8,999.9,66.2,59.7,1.18
3/31/23,63.9,64,3.3,4.2,7.8,999.9,66.2,61.7,0.19
4/1/23,67.3,68.6,5.3,3,5.8,999.9,73.4,62.6,0.09
4/2/23,68.8,71.2,4.2,4.7,7.8,999.9,73.4,64.8,0.37
4/3/23,69.2,73.2,6.1,6.1,9.7,999.9,77,67.6,0
4/4/23,73.6,75.3,5.4,6.4,11.7,999.9,77,73.4,99.99
4/5/23,73.5,74.2,5.2,5.7,13.6,999.9,80.6,71.6,0.12
4/6/23,64.2,68.7,5.6,8.7,19.4,21.4,84.2,60.8,0.1
4/7/23,55.8,70.3,6.7,9.1,15.5,999.9,83.5,60.8,0
4/8/23,53.8,65.4,6.7,6.2,13.6,999.9,79,59,0.01
4/9/23,59.9,68.7,6,2.5,5.8,999.9,75.2,58.3,0.02
4/10/23,63.5,70.1,6,2.8,3.9,999.9,74.1,59.4,0.06
4/11/23,70.2,75.9,6.6,3.3,7.8,999.9,82.4,63.3,0
4/12/23,70.5,79.7,6.5,4.2,9.7,999.9,87.8,67.5,0
4/13/23,69.8,77.2,6.7,4.3,9.7,999.9,83.1,70.9,0
4/14/23,72.1,77.7,5.3,4.1,7.8,13.6,80.6,69.8,0
4/15/23,68.9,78.1,6.3,7.2,15.5,999.9,88.2,65.5,0
4/16/23,69.7,82.2,6.4,4.1,7.8,999.9,93.2,64.8,0
4/17/23,72.9,82.8,6.2,7.9,13.6,999.9,91.4,66.7,0
4/18/23,76.2,80.2,6.1,7.4,11.7,999.9,88.3,74.1,0.05
4/19/23,74,77.4,5.5,4.7,15.5,999.9,84.2,70.9,0.4
4/20/23,75.2,82.7,5.5,4.6,7.8,999.9,91.4,70.5,0.01
4/21/23,73.9,76.3,6.2,5.5,9.7,999.9,88,72.5,0.12
4/22/23,73.2,78.2,6.7,6.5,11.7,999.9,82.4,72.5,0
4/23/23,74.1,79.9,6.2,6.5,11.7,999.9,87.8,73,0
4/24/23,65.6,67.4,5.7,7.9,13.6,19.4,83.5,63.3,1.21
4/25/23,57.5,62.4,6.7,9.8,13.6,999.9,77.9,57.4,0
4/26/23,59.3,70.1,6.7,5.4,13.6,999.9,78.8,57.4,0
4/27/23,67.6,75.5,6.7,5.3,9.7,999.9,82.4,59.9,0
4/28/23,72.7,79.5,6.5,4.6,9.7,999.9,86,66,0
4/29/23,65.6,71.5,6,8.7,13.6,21.4,82.9,64.6,0.5
4/30/23,64.5,75.8,6.7,4.9,9.7,13.6,84.6,64.2,0
5/1/23,68.6,76.3,6.7,4,7.8,999.9,84.6,66.7,0
5/2/23,69.3,78.2,6.7,4.4,9.7,999.9,84.2,68,0
5/3/23,74.4,81.2,6.7,6.9,11.7,999.9,89.6,70.5,0
5/4/23,75.3,83.9,6.7,8.1,13.6,19.4,93.2,76.1,0
5/5/23,76.9,83.3,6.7,7.9,11.7,999.9,89.6,77.7,0
5/6/23,78.3,83.2,6.2,5.6,13.6,999.9,86,75.2,0
5/7/23,70.2,74,5.9,8.7,19.4,999.9,84.6,68.4,0.97
5/8/23,66.7,71.9,6,4.9,11.7,999.9,78.1,66.9,0.06
5/9/23,69.5,75.2,6.3,3.9,5.8,999.9,80.6,66.9,0
5/10/23,68.7,76.5,6.5,3.9,7.8,999.9,80.6,69.1,0
5/11/23,68.7,69.8,4.7,4,7.8,999.9,79.2,68,0.33
5/12/23,69.1,70.6,5.5,3.6,7.8,999.9,74.1,67.5,0.27
5/13/23,69.6,74.7,4.9,3.6,5.8,999.9,78.8,67.6,0.03
5/14/23,68.8,74.8,5.4,3.6,7.8,999.9,84.2,66.2,0.02
5/15/23,71.5,80.4,5.2,4,7.8,999.9,86.4,66,0
5/16/23,74.3,80.7,5.9,8,11.7,999.9,86.4,72.1,0
5/17/23,77.8,80.6,6.2,4.7,15.5,999.9,91.4,75.2,0.02
5/18/23,78.5,84.5,5.3,4.7,21.4,999.9,95.9,74.8,1.54
5/19/23,79.7,84.2,5.9,5,17.5,999.9,95.9,74.8,0
5/20/23,80.7,87.6,6.3,7,13.6,999.9,93.2,77.9,0.17
5/21/23,79.1,89.7,6.7,8.8,15.5,999.9,96.8,81.3,0
5/22/23,75.5,83.1,6.6,7.3,13.6,999.9,95,69.8,1.23
5/23/23,73.7,77.1,5.7,6,11.7,999.9,93.2,68,1.78
5/24/23,75.5,76.6,6.5,3.4,7.8,999.9,81.1,68.5,2.3
5/25/23,78.8,85,6.2,6,9.7,999.9,93.2,72.9,0
5/26/23,78.8,86.8,6.7,6.3,11.7,999.9,96.8,77.2,0
5/27/23,76.9,87.8,6.7,5.4,9.7,999.9,96.8,75.2,0
5/28/23,77.6,86.9,6.7,3.4,5.8,999.9,95,74.8,0
5/29/23,78.7,88.8,6.6,3.7,5.8,15.5,96.8,75.2,0
5/30/23,78.7,94.2,6.1,5.7,9.7,19.4,104,76.3,0
5/31/23,79.7,92.8,6.7,6.2,11.7,17.5,102.2,79.9,0
6/1/23,79.9,88.7,6.7,4,9.7,999.9,100.2,78.4,0.04
6/2/23,80.6,91.6,6.5,4.6,9.7,999.9,102.2,78.1,0
6/3/23,79.5,89.7,6.6,5.3,11.7,21.4,100.4,78.8,0
6/4/23,79.6,85.2,6.5,4.7,7.8,999.9,97.9,77.2,0.65
6/5/23,78.8,83.4,6.5,4.6,9.7,999.9,92.7,75.4,0.87
6/6/23,78.3,81.6,6.6,5.4,13.6,999.9,93.2,75.4,0.26
6/7/23,79.9,81.7,6.4,5.1,9.7,999.9,91.4,76.6,1.68
6/8/23,79.5,80.9,6.4,3.6,9.7,999.9,89.6,76.8,0.84
6/9/23,79.7,83.8,6.2,4.7,9.7,21.4,91.4,75.9,3.26
6/10/23,79.9,84,6.7,4.6,13.6,999.9,93,75.7,0.47
6/11/23,78.1,88,6.7,3.9,7.8,999.9,95,76.3,0
6/12/23,79,89.8,6.7,4.5,7.8,999.9,98.6,77.7,0
6/13/23,79.4,84.7,6.6,5.5,15.5,29.1,97.5,77.5,0.42
6/14/23,77.9,79.9,5.7,4.9,9.7,999.9,95.2,75,2.41
6/15/23,78,84.1,6.2,5,7.8,999.9,89.6,80.6,0
6/16/23,79.2,81.1,6,5.1,15.5,999.9,86,77,99.99
6/17/23,78.6,80.2,6.2,5.5,13.6,999.9,86,77,99.99
6/18/23,78.6,80.4,6.1,4.5,17.5,27.2,91.4,75.2,99.99
6/19/23,78.8,85.4,6.2,6.1,13.6,999.9,91.4,80.6,99.99
6/20/23,79,88.6,6.2,6.6,9.7,999.9,95,84.2,99.99
6/21/23,78.2,88.8,6.2,7,11.7,999.9,96.8,80.1,0
6/22/23,77.5,89.3,6.7,9.1,11.7,999.9,96.8,82.8,0
6/23/23,76.3,78.7,6.3,5.4,13.6,31.1,93.4,73.9,1.62
6/24/23,77.3,80.5,6.7,5.1,11.7,999.9,88.3,73.9,1.17
6/25/23,78,82.5,6.6,6,15.5,23.3,91.4,74.1,0.13
6/26/23,76.9,81.9,6.4,3.9,13.6,25.3,93.2,75.6,0.04
6/27/23,77.7,86.4,6.7,4.9,9.7,999.9,96.8,75.6,0.02
6/28/23,78.1,83.7,6.7,4.9,11.7,21.4,92.7,77,0.07
6/29/23,78.3,88.9,6.7,5,11.7,999.9,96.8,76.8,0
6/30/23,78.4,89.5,6.2,5.5,9.7,17.5,96.8,79.5,0
7/1/23,78.5,87,6.7,5.3,13.6,999.9,96.8,79.7,0.04
7/2/23,78.3,81.9,6.4,4.7,13.6,999.9,91.9,78.3,0.59
7/3/23,77.7,82.2,6.2,4.9,13.6,17.5,91.4,76.8,0.18
7/4/23,78.7,82.4,6.6,4.6,11.7,999.9,90,76.8,0.32
7/5/23,77.5,88.4,6.7,7.1,11.7,999.9,96.8,77.2,0
7/6/23,76.4,89,7.2,9.6,13.6,999.9,96.8,79.9,0
7/7/23,76.1,89.6,6.7,9,13.6,999.9,96.8,81.9,0
7/8/23,76.3,90,6.7,7.9,11.7,999.9,96.8,79.5,0
7/9/23,76.8,89.8,6.7,7.1,9.7,999.9,96.8,79.3,0
7/10/23,76.2,89.9,6.7,7,9.7,999.9,98.6,79.3,0
7/11/23,75.3,90.6,6.7,7.6,11.7,999.9,98.6,79.3,0
7/12/23,76.4,90.9,6.7,6.5,11.7,999.9,100.4,78.3,0
7/13/23,72.8,91.2,7.2,5.3,9.7,999.9,100.4,78.4,0
7/14/23,73.6,92.7,6.7,4,7.8,999.9,102.2,77.9,0
7/15/23,74.1,94.1,6.7,6.1,17.5,999.9,104,77,0.06
7/16/23,77,86.5,6.5,9.2,19.4,999.9,102.2,77,0.26
7/17/23,77.3,81.8,5.6,10.5,17.5,25.3,97.2,77.5,1.33
7/18/23,78.7,81.2,6.3,6.1,17.5,27.2,89.6,77.5,1.06
7/19/23,78.7,84.4,6.5,5.2,15.5,999.9,96.8,77.7,0.05
7/20/23,79.1,86.4,6.7,3.1,7.8,999.9,95,77.7,0.26
7/21/23,77.3,89.3,6.7,4.5,7.8,13.6,96.8,77.4,0
7/22/23,77.2,88.5,6.7,4.5,9.7,999.9,96.8,77.4,0
7/23/23,76.5,89.5,6.7,4.2,11.7,999.9,96.8,77.4,0
7/24/23,76,90.6,6.7,4.3,9.7,15.5,98.6,78.4,0
7/25/23,75.3,90.6,6.7,4.5,9.7,13.6,99,78.3,0
7/26/23,75.2,92.4,6.7,7.3,11.7,17.5,100.4,79,0
7/27/23,74.8,91.8,6.7,9,15.5,999.9,99.1,79.3,0
7/28/23,75.9,91.5,6.7,5.9,11.7,999.9,100.4,79.3,0
7/29/23,79.2,86.7,6.2,6.9,15.5,17.5,98.4,78.8,2.93
7/30/23,78,81.9,6.1,4.4,11.7,25.3,91.6,78.4,0.22
7/31/23,77.7,85.7,6.7,4.8,9.7,999.9,93.2,76.8,0.3
8/1/23,77.3,86.2,6.7,5.3,9.7,999.9,95,76.5,0
8/2/23,76.8,87.5,6.7,3.2,5.8,999.9,98.6,75.9,0
8/3/23,76,91.1,6.7,4,7.8,999.9,100.4,75.9,0
8/4/23,78.6,89.9,6.6,5.8,17.5,27.2,98.6,79.7,0.03
8/5/23,76.4,90.8,6.7,7.5,11.7,999.9,96.8,79.9,0
8/6/23,75.2,90.3,6.7,6.6,13.6,999.9,96.8,79,0
8/7/23,75.7,88.1,6.7,4.9,7.8,15.5,95,77.2,0.04
8/8/23,75.4,89.1,6.7,5.8,11.7,999.9,95,77,0
8/9/23,76.6,88.5,6.7,5.3,11.7,999.9,96.8,78.8,0
8/10/23,77,81.2,6.4,5.1,17.5,999.9,95.9,74.7,0.52
8/11/23,76.4,83.5,6.7,4.1,9.7,15.5,93.2,73.6,0
8/12/23,77.5,86.8,6.7,5.6,13.6,19.4,96.8,78.1,0.08
8/13/23,78.4,85.8,6.6,4.8,9.7,999.9,95,78.1,0
8/14/23,79.8,84.4,6.4,5.3,11.7,999.9,95,77.9,1.09
8/15/23,79.9,83.8,6.6,3.8,5.8,999.9,93.2,77,0.18
8/16/23,79.6,88.6,6.7,4.1,7.8,999.9,95,78.3,0
8/17/23,78.9,82,5.8,4.1,19.4,31.1,93.2,75.2,0.92
8/18/23,80.5,85.3,4.9,3.9,9.7,999.9,93.2,77,0.16
8/19/23,78.9,86.1,5.3,5.3,17.5,29.1,98.6,78.8,0
8/20/23,79.1,83.7,6.4,5.5,9.7,999.9,95.2,78.1,0.59
8/21/23,77.8,82.4,6.5,4.3,11.7,21.4,95,75.2,0.76
8/22/23,79.4,86.3,6.3,3.7,9.7,21.4,95,76.5,0.09
8/23/23,79.3,83.6,6.5,4,9.7,999.9,92.3,77,0.83
8/24/23,79.2,83.4,6.5,4.7,9.7,999.9,89.6,78.1,0.54
8/25/23,79.3,84.6,6.1,4.8,11.7,15.5,91.4,77.2,0.72
8/26/23,80.1,84.8,6.6,5,7.8,999.9,91.4,77.4,0.14
8/27/23,80,86.7,6.1,6.2,9.7,999.9,95,78.8,0.05
8/28/23,78.4,84,5.8,4.9,11.7,17.5,95,75.2,2.61
8/29/23,73.3,80.9,6.7,9.4,13.6,999.9,94.1,75.2,0
8/30/23,71.5,82.5,6.7,10.8,19.4,999.9,88.3,74.7,0
8/31/23,73.1,84,6.7,10.8,19.4,999.9,91.4,76.1,0
9/1/23,74.4,80.6,6.6,13.4,19.4,999.9,90.3,75,1.71
9/2/23,77.9,79.2,5.2,5.9,13.6,999.9,82.6,75,1.28
9/3/23,77.3,85.6,6.7,7,11.7,999.9,93.2,76.1,0
9/4/23,73.7,87.8,6.7,8.9,13.6,999.9,95,77.2,0
9/5/23,73.8,86.6,6.7,8.7,17.5,19.4,93.2,77.9,0
9/6/23,77.1,81.4,6.3,6.2,11.7,999.9,90.1,77,0
9/7/23,78,78.5,4,5.8,9.7,999.9,85.3,75.2,6.79
9/8/23,77,77.2,5.4,4.9,7.8,999.9,79.5,75.2,1.3
9/9/23,77,79.6,5.8,6.1,13.6,999.9,87.8,75.2,0.28
9/10/23,77.2,78.9,6.2,5.5,9.7,999.9,85.3,76.1,0.1
9/11/23,77.2,79.5,6.4,4.4,19.4,999.9,87.8,76.1,0.34
9/12/23,77.7,83.4,6.7,4.9,7.8,999.9,89.6,76.3,0.06
9/13/23,78.7,82.9,6.6,4.3,5.8,999.9,91.4,77.5,0.02
9/14/23,77.6,78.7,5.8,4.4,11.7,999.9,87.1,75.2,2.15
9/15/23,76.6,77.7,6.6,3.6,7.8,999.9,83.8,74.8,1.5
9/16/23,77.2,83.1,6.7,4,7.8,999.9,91.4,74.5,0.85
9/17/23,77.8,85.3,6.7,4,7.8,999.9,95,75,0
9/18/23,76.9,87.7,6.4,3.6,7.8,11.7,96.8,75.7,0
9/19/23,76.1,89.2,6.9,3.5,5.8,999.9,96.8,75.9,0
9/20/23,77,88,6.2,3.2,3.9,999.9,96.8,75.7,0
9/21/23,78.1,90.3,6.2,3.9,7.8,13.6,100.4,84.2,0
9/22/23,78.2,86.3,5.6,4.5,7.8,999.9,93.2,80.6,99.99
9/23/23,77.6,86.6,5.9,4.4,11.7,999.9,98.6,77,99.99
9/24/23,77.1,87.3,6.2,4.9,7.8,999.9,96.8,77.7,0
9/25/23,77.3,86.4,6.2,4.8,13.6,999.9,95,77.2,0.3
9/26/23,76.2,87.9,6.2,5,9.7,999.9,96.8,75.2,0
9/27/23,77.5,87.6,6.7,3.6,7.8,999.9,96.8,76.5,0.14
9/28/23,77.8,86.5,6.2,4.1,11.7,999.9,94.1,77.7,0.03
9/29/23,77.7,87.4,6.7,4.2,7.8,999.9,96.8,77.4,0
9/30/23,77.9,87.4,6.7,3.4,9.7,999.9,96.8,77.4,0
10/1/23,76.8,88.3,6.1,5.7,11.7,999.9,100.4,75.9,0.83
10/2/23,78.9,82,6.6,3.3,11.7,999.9,94.8,75.9,0.63
10/3/23,78.1,87.2,6.1,3.6,7.8,13.6,95,76.6,0
10/4/23,75.2,87.7,6.3,6.1,13.6,999.9,95.2,77.5,0
10/5/23,67.5,83.8,6.7,11.9,15.5,21.4,95.2,77,0
10/6/23,65.8,80.5,6.7,11.6,15.5,999.9,90.3,71.1,0
10/7/23,65.8,73.7,6.6,12.1,17.5,23.3,87.4,67.1,0.19
10/8/23,64.8,73.9,6.7,14.6,17.5,27.2,78.8,67.1,0.06
10/9/23,66.7,72.8,6.7,11.3,15.5,999.9,77,67.5,0.2
10/10/23,65.7,73.8,6.7,10,15.5,999.9,78.8,67.5,0
10/11/23,63.9,74.9,6.7,7.8,11.7,999.9,80.6,66.9,0
10/12/23,64.7,79.3,6.7,6.2,9.7,999.9,86,66.9,0
10/13/23,64.2,77.7,6.7,7,13.6,999.9,84.9,67.5,0
10/14/23,64.1,79.5,6.7,6.6,11.7,19.4,86.4,67.5,0
10/15/23,62.1,78,6.7,5.5,9.7,999.9,86.4,65.8,0
10/16/23,57.7,78.2,6.7,6.1,11.7,17.5,87.8,64.9,0
10/17/23,64.6,78.4,6.7,5.4,11.7,19.4,86,64.9,0
10/18/23,71.5,75.4,5.2,4.6,7.8,999.9,83.3,71.1,0.22
10/19/23,75,76.3,4.4,4.1,7.8,999.9,79.7,72.5,0.13
10/20/23,64.9,70,6,11.7,17.5,999.9,77.2,63.1,0.08
10/21/23,59.1,63.6,6.6,8.3,15.5,999.9,75.9,59.9,0.05
10/22/23,63.5,67.6,6.3,4.1,7.8,999.9,74.7,59.9,0
10/23/23,69.5,77,6.7,3.9,5.8,999.9,85.1,61.7,0
10/24/23,71.8,82,6.7,3.3,5.8,13.6,93.2,68.2,0
10/25/23,73.4,82.7,5.4,3,3.9,999.9,91.9,70.3,0
10/26/23,72.2,81.4,4.8,3.4,7.8,999.9,90.5,70.7,0
10/27/23,71.8,78.6,5.6,4.5,9.7,999.9,88.5,70.3,0
10/28/23,72,78.8,5.8,4.1,5.8,999.9,87.1,72.5,0.07
10/29/23,71.5,75,5.8,4,7.8,999.9,84,70.9,0.02
10/30/23,65.2,76.1,6.1,5.7,11.7,999.9,86,64.8,0
10/31/23,63.4,76.8,6.7,5,9.7,999.9,86,64.2,0
11/1/23,62.7,76.7,6.3,3.6,5.8,999.9,87.8,63.9,0
11/2/23,68.6,77,5.8,3.5,5.8,999.9,86.5,64.9,0
11/3/23,71.1,79.2,5.4,3.4,5.8,999.9,89.6,68.2,0
11/4/23,71.2,80.1,4.9,3.7,5.8,999.9,89.6,69.3,0
11/5/23,71.1,80.3,6.2,4.2,7.8,999.9,89.6,68.9,0
11/6/23,58.9,78.6,7.2,9.7,19.4,999.9,86.7,65.1,0
11/7/23,58.5,76.9,6.7,5.1,7.8,999.9,85.3,65.1,0
11/8/23,69.3,76.2,5.8,4.2,5.8,999.9,83.5,69.1,0
11/9/23,71.6,78.9,6.1,3.1,5.8,999.9,83.7,70.7,0
11/10/23,73.3,78.3,6.1,3.9,7.8,999.9,86.4,71.1,0.76
11/11/23,69.2,73.6,6.2,5.9,11.7,999.9,86.4,69.4,0.04
11/12/23,56.2,69.1,6.7,13.5,17.5,999.9,78.1,61,0
11/13/23,51.1,62.8,6.7,11.6,15.5,999.9,78.1,56.5,0
11/14/23,51,62.6,6.7,7.2,11.7,999.9,70.2,56.5,0
11/15/23,56.9,67.8,6.7,5.3,15.5,999.9,77,55.4,0
11/16/23,47.9,60.7,6.7,10.5,17.5,999.9,77,52.7,0
11/17/23,36.8,62.1,6.7,8.7,17.5,999.9,71.6,47.1,0
11/18/23,42.4,65.2,6.7,5.7,13.6,999.9,76.5,46,0
11/19/23,48.4,65.4,6.4,3.2,5.8,999.9,76.5,51.8,0
11/20/23,52.2,67.2,6.7,3.2,5.8,999.9,80.6,51.4,0
11/21/23,54.8,68.3,6.7,3.8,5.8,999.9,82.4,53.2,0
11/22/23,59,70,6,3.6,5.8,999.9,81,55.8,0
11/23/23,61.9,72,6,3.4,5.8,999.9,84.2,58.1,0
11/24/23,59.4,72.6,6.4,4.4,7.8,999.9,82.6,59.2,0
11/25/23,59,70.5,5.9,4,5.8,999.9,82.4,57.6,0
11/26/23,59.7,70.6,5.6,4,7.8,17.5,80.6,57,0
11/27/23,55.9,71.2,6,5.7,13.6,999.9,80.8,59,0
11/28/23,55.8,71,6.7,3.2,5.8,999.9,80.8,57.4,0
11/29/23,61.9,70.4,6,3.9,7.8,999.9,80.1,60.6,0.02
11/30/23,58.5,69.5,6.6,11.4,15.5,999.9,78.3,60.8,0
12/1/23,44.8,61.4,6.4,11,15.5,999.9,78.3,54.9,0
12/2/23,48.6,65.5,6.7,5.2,9.7,999.9,72.9,53.2,0
12/3/23,53.7,65.6,6.7,4.5,11.7,999.9,72.9,56.1,0
12/4/23,55.1,63.8,6.7,6.8,11.7,999.9,72.1,58.5,0
12/5/23,56.4,67.3,6.7,3.5,7.8,999.9,75.7,58.5,0
12/6/23,54,62.9,6,5.1,9.7,999.9,75.7,51.6,0.04
12/7/23,47.4,64.2,6.7,3.2,5.8,999.9,77,49.1,0
12/8/23,53.1,68.9,6.7,3.5,7.8,999.9,80.6,48.9,0
12/9/23,66.7,74.6,5.9,4.4,7.8,999.9,80.6,51.8,0
12/10/23,67.8,76.7,6.4,3.9,9.7,999.9,86,63.5,0
12/11/23,67.9,76,5.3,3.9,11.7,999.9,85.8,65.1,0
12/12/23,57.3,69.1,6.4,8.3,11.7,999.9,84.6,62.4,0
12/13/23,61.5,67.5,6,3.8,5.8,999.9,77.7,62.4,0
12/14/23,68.6,74.1,4,3.2,3.9,999.9,78.8,63.1,0
12/15/23,65.1,73.7,4.8,6.7,23.3,33,87.8,51.8,0.04
12/16/23,39.9,49.5,6.6,15.3,23.3,29.1,55.4,41,0.02
12/17/23,39.6,46.9,6.7,8.4,13.6,999.9,53.2,41.5,0
12/18/23,45.4,49.9,6.7,7.5,9.7,999.9,55,42.1,0
12/19/23,42.7,48.1,6.7,10.1,13.6,999.9,55,46.2,0
12/20/23,35.3,48.6,6.7,14.3,19.4,999.9,58.3,40.5,0
12/21/23,28.6,45.8,6.7,15.1,19.4,25.3,58.3,38.7,0
12/22/23,19.8,48.3,6.7,12,15.5,999.9,55.4,37.9,0
12/23/23,26.8,47.5,6.7,7,11.7,999.9,55.4,37.8,0
12/24/23,20.9,52.5,6.7,9.2,17.5,999.9,62.6,37.8,0
12/25/23,28.3,54.5,6.7,4.9,9.7,999.9,67.1,40.6,0
12/26/23,37.3,58.1,6.7,3,5.8,999.9,70.7,41.5,0
12/27/23,46.7,64.1,6.5,3,5.8,999.9,75.7,45.3,0
12/28/23,50.2,66.3,6.7,2.9,5.8,999.9,80.6,48,0
12/29/23,55.8,70.1,6.2,2.8,5.8,999.9,80.6,53.4,0.04
12/30/23,63.3,64.7,1.9,2.8,5.8,15.5,79.3,55,0.17
12/31/23,63.1,70.7,4.1,2.9,5.8,999.9,80.6,59.7,0