Date,Dew Point Temperature (F),Average Temperature (F),Visibility (mi),Average Wind Speed __(knots),Maximum Sustained Wind Speed __(knots),Maximum Gust (knots),Maximum Temperature (F),Minimum Temperature (F),Precipitation (in)
2019-01-01,38.9,48.4,5.9,9.1,13.6,19.4,52.2,43.7,0.0
2019-01-02,42.3,47.7,5.7,7.8,11.7,999.9,51.6,44.6,0.0
2019-01-03,46.0,56.3,5.8,4.7,9.7,999.9,60.8,47.1,0.01
2019-01-04,54.3,58.4,3.1,2.5,7.8,999.9,62.2,53.6,0.02
2019-01-05,51.0,56.7,4.5,7.2,11.7,999.9,61.5,51.8,0.0
2019-01-06,49.4,55.7,5.3,4.4,9.7,999.9,60.6,52.3,0.0
2019-01-07,52.9,59.2,3.6,4.7,9.7,15.5,64.6,55.0,0.0
2019-01-08,47.4,56.4,6.5,7.6,11.7,999.9,61.0,52.3,0.05
2019-01-09,49.3,58.2,5.0,5.3,9.7,999.9,66.9,52.2,0.04
2019-01-10,53.7,62.1,3.6,3.9,5.8,999.9,70.3,55.2,0.0
2019-01-11,56.3,64.4,2.8,4.6,7.8,17.5,73.4,59.0,0.0
2019-01-12,54.9,63.5,5.1,3.6,7.8,999.9,69.8,58.3,0.0
2019-01-13,55.6,64.5,4.2,3.8,9.7,999.9,70.5,59.5,0.0
2019-01-14,56.0,66.2,4.1,4.0,9.7,999.9,73.4,60.1,0.0
2019-01-15,49.5,60.8,5.4,10.0,13.6,999.9,68.9,53.6,0.0
2019-01-16,42.4,55.5,6.4,9.2,15.5,999.9,59.0,51.8,0.0
2019-01-17,41.8,56.7,6.2,6.9,13.6,999.9,66.2,48.0,0.0
2019-01-18,46.3,59.4,5.4,3.2,5.8,999.9,64.8,47.1,0.0
2019-01-19,54.0,66.1,3.9,3.2,5.8,999.9,75.2,57.9,0.0
2019-01-20,49.0,61.9,5.1,10.0,19.4,21.4,75.9,53.6,0.0
2019-01-21,39.6,56.4,5.3,9.7,15.5,19.4,64.4,47.8,0.0
2019-01-22,34.5,56.1,5.3,6.7,13.6,999.9,66.2,46.2,0.0
2019-01-23,35.2,59.0,5.6,3.2,7.8,999.9,69.8,43.0,0.0
2019-01-24,42.6,61.6,5.0,2.4,5.8,999.9,71.6,47.5,0.0
2019-01-25,46.3,66.5,4.3,5.9,11.7,15.5,75.2,49.3,0.0
2019-01-26,37.8,62.6,6.2,6.7,13.6,21.4,71.6,49.1,0.0
2019-01-27,44.5,62.0,4.8,2.7,5.8,999.9,71.6,47.7,0.0
2019-01-28,49.1,63.6,4.7,2.8,3.9,999.9,73.4,51.6,0.0
2019-01-29,50.0,66.3,5.4,3.2,5.8,999.9,77.0,51.1,0.0
2019-01-30,55.1,69.1,5.3,4.3,9.7,999.9,80.6,51.4,0.0
2019-01-31,51.5,66.9,5.7,9.3,13.6,23.3,78.8,55.4,0.0
2019-02-01,44.0,59.3,6.7,5.3,11.7,999.9,62.6,54.7,0.0
2019-02-02,55.7,67.0,4.9,2.7,5.8,999.9,71.1,56.7,0.0
2019-02-03,61.9,70.8,4.3,2.2,5.8,999.9,79.0,61.9,0.0
2019-02-04,60.8,72.6,4.6,3.6,9.7,999.9,80.6,61.9,0.0
2019-02-05,62.6,72.1,4.2,5.3,13.6,999.9,80.6,66.2,99.99
2019-02-06,63.5,75.2,5.4,7.7,13.6,999.9,84.2,67.8,0.0
2019-02-07,64.9,74.3,5.8,5.4,11.7,999.9,84.2,66.2,0.0
2019-02-08,63.7,74.1,5.9,7.4,13.6,999.9,82.4,64.9,0.0
2019-02-09,55.8,61.4,4.9,5.5,7.8,15.5,71.6,53.6,0.04
2019-02-10,50.4,54.4,5.1,6.4,9.7,999.9,62.1,49.6,0.01
2019-02-11,45.6,53.7,6.7,6.3,9.7,999.9,57.0,49.3,0.0
2019-02-12,55.1,66.7,5.6,2.5,5.8,999.9,75.2,53.6,0.0
2019-02-13,60.2,69.2,4.3,2.4,5.8,999.9,75.6,60.1,0.0
2019-02-14,60.6,69.8,4.1,3.5,5.8,999.9,78.8,59.9,99.99
2019-02-15,61.9,68.9,3.8,3.7,5.8,999.9,71.6,64.4,0.0
2019-02-16,57.5,67.0,3.9,5.3,9.7,999.9,78.8,57.2,0.0
2019-02-17,50.9,58.2,5.3,5.3,9.7,999.9,65.8,55.4,0.01
2019-02-18,57.1,59.8,5.0,4.5,15.5,999.9,62.6,55.4,1.32
2019-02-19,59.6,66.2,6.1,2.4,5.8,999.9,73.0,58.6,0.03
2019-02-20,68.0,75.5,5.7,6.5,13.6,999.9,82.4,68.0,0.0
2019-02-21,56.5,61.8,4.8,9.1,23.3,999.9,75.2,51.8,4.23
2019-02-22,47.4,58.4,6.6,8.3,13.6,17.5,67.1,51.8,0.06
2019-02-23,47.3,51.0,4.9,7.2,11.7,19.4,53.6,48.0,0.67
2019-02-24,47.0,56.0,6.0,5.4,7.8,13.6,60.8,47.8,0.07
2019-02-25,48.6,54.3,4.7,4.0,7.8,17.5,57.2,52.3,0.03
2019-02-26,54.1,59.5,4.0,3.2,7.8,999.9,66.6,52.3,0.02
2019-02-27,61.2,67.3,2.1,2.6,5.8,13.6,74.7,59.9,0.02
2019-02-28,55.2,62.9,4.5,4.5,9.7,999.9,74.8,60.8,0.0
2019-03-01,61.6,69.8,3.7,2.9,7.8,999.9,77.0,60.8,0.0
2019-03-02,65.2,70.3,4.2,4.5,25.3,36.9,77.0,59.0,0.22
2019-03-03,55.8,65.9,6.6,4.6,9.7,999.9,75.2,58.5,0.45
2019-03-04,59.9,68.2,4.7,4.2,7.8,999.9,73.4,57.4,0.8
2019-03-05,64.5,68.5,4.1,5.2,13.6,23.3,73.4,63.7,0.16
2019-03-06,57.0,62.1,6.5,7.2,17.5,999.9,66.2,57.2,0.11
2019-03-07,52.7,56.8,6.0,5.7,9.7,999.9,59.0,55.2,0.77
2019-03-08,53.6,57.3,5.0,3.4,5.8,999.9,59.0,55.0,0.5
2019-03-09,54.0,58.4,4.6,6.3,9.7,999.9,60.8,55.4,1.73
2019-03-10,52.6,59.7,5.9,6.2,11.7,999.9,64.4,55.0,0.19
2019-03-11,51.9,65.6,5.7,3.8,7.8,999.9,77.0,54.5,0.14
2019-03-12,52.4,69.2,5.1,3.0,5.8,999.9,79.2,53.6,0.0
2019-03-13,57.0,70.6,4.2,3.1,5.8,999.9,80.6,56.1,0.18
2019-03-14,58.6,65.6,5.1,6.5,11.7,19.4,68.0,60.8,0.4
2019-03-15,52.1,64.4,6.0,4.9,9.7,999.9,68.0,57.0,0.07
2019-03-16,53.8,69.2,5.9,3.6,5.8,999.9,75.2,60.1,0.0
2019-03-17,56.2,69.6,5.5,2.9,7.8,999.9,77.0,62.1,99.99
2019-03-18,59.9,67.6,3.5,3.2,5.8,999.9,74.3,64.4,0.0
2019-03-19,65.1,75.1,4.4,4.9,11.7,999.9,82.4,64.0,0.0
2019-03-20,68.1,75.1,4.9,5.6,13.6,999.9,78.8,71.6,99.99
2019-03-21,68.5,78.6,5.9,6.2,11.7,999.9,86.0,71.6,0.0
2019-03-22,64.0,72.5,5.8,7.5,11.7,999.9,84.2,62.1,0.47
2019-03-23,51.7,57.6,5.8,8.3,11.7,999.9,62.6,53.2,0.09
2019-03-24,52.9,57.0,5.4,4.5,11.7,17.5,59.0,53.1,0.23
2019-03-25,59.3,67.7,6.6,3.1,9.7,999.9,75.2,56.3,0.17
2019-03-26,63.6,71.7,4.6,3.0,7.8,999.9,77.0,65.3,0.0
2019-03-27,65.7,74.5,4.8,4.1,11.7,999.9,82.4,67.3,0.0
2019-03-28,68.5,77.3,4.3,4.3,9.7,999.9,82.4,70.7,99.99
2019-03-29,66.2,71.1,5.3,4.4,11.7,999.9,78.8,66.2,0.57
2019-03-30,65.7,76.6,5.2,4.0,7.8,999.9,82.4,66.2,0.0
2019-03-31,64.1,71.3,5.2,5.3,9.7,999.9,77.0,62.6,0.13
2019-04-01,57.6,63.3,5.3,4.5,7.8,999.9,65.5,60.8,0.0
2019-04-02,62.6,71.2,3.7,3.6,5.8,999.9,75.6,61.7,0.0
2019-04-03,64.8,73.2,4.3,4.8,9.7,999.9,79.3,64.4,0.08
2019-04-04,62.7,67.4,3.7,3.7,7.8,999.9,71.2,64.4,0.07
2019-04-05,63.7,73.1,5.4,3.7,9.7,999.9,80.6,64.2,0.0
2019-04-06,67.5,78.5,4.5,3.9,5.8,999.9,86.0,64.0,0.0
2019-04-07,70.3,79.9,5.7,4.6,7.8,13.6,87.8,71.4,0.0
2019-04-08,71.4,81.3,6.1,6.8,9.7,999.9,87.8,73.4,0.0
2019-04-09,71.4,80.9,6.3,5.4,9.7,999.9,87.8,76.1,0.0
2019-04-10,72.0,82.8,6.2,4.9,7.8,999.9,89.6,75.9,0.0
2019-04-11,65.0,72.0,5.8,7.0,17.5,23.3,84.2,62.6,0.17
2019-04-12,61.6,65.0,4.1,5.2,9.7,999.9,66.6,60.8,0.94
2019-04-13,65.9,69.6,3.7,3.6,7.8,999.9,71.6,64.6,0.39
2019-04-14,67.2,72.9,4.9,5.0,9.7,999.9,77.0,66.9,0.09
2019-04-15,64.0,67.1,4.3,4.9,11.7,999.9,70.2,65.7,0.82
2019-04-16,64.7,69.9,4.8,2.9,9.7,999.9,76.5,65.5,1.24
2019-04-17,66.8,76.8,4.1,3.2,5.8,999.9,82.4,65.3,0.37
2019-04-18,69.2,74.0,2.7,4.9,17.5,33.0,77.0,68.0,1.21
2019-04-19,67.6,70.3,3.7,4.1,9.7,999.9,71.6,68.7,3.11
2019-04-20,69.9,73.6,4.0,4.1,9.7,13.6,77.0,69.1,1.92
2019-04-21,72.6,76.3,2.9,3.1,5.8,999.9,78.6,72.0,0.02
2019-04-22,71.5,76.1,4.3,4.8,11.7,21.4,84.2,71.6,1.2
2019-04-23,73.6,83.0,5.9,4.9,9.7,19.4,89.6,72.1,1.2
2019-04-24,72.7,82.6,6.3,4.1,7.8,999.9,89.6,76.1,0.0
2019-04-25,73.0,83.8,5.8,4.9,9.7,999.9,89.6,75.6,0.0
2019-04-26,70.4,77.7,5.0,6.0,15.5,21.4,86.0,69.8,1.93
2019-04-27,67.8,71.1,5.0,5.0,13.6,999.9,73.4,69.8,1.93
2019-04-28,70.9,77.5,5.3,3.4,5.8,999.9,82.4,69.6,0.0
2019-04-29,72.9,80.1,5.7,4.3,9.7,999.9,86.0,74.3,0.0
2019-04-30,66.7,73.6,5.7,7.3,13.6,23.3,80.6,66.2,1.0
2019-05-01,60.4,72.5,6.7,6.5,13.6,999.9,77.0,67.1,0.0
2019-05-02,62.9,68.3,5.8,4.4,7.8,999.9,71.6,65.3,0.45
2019-05-03,62.7,73.3,5.9,3.9,7.8,999.9,78.8,65.3,0.0
2019-05-04,63.9,68.1,3.3,2.8,7.8,999.9,73.9,63.7,0.76
2019-05-05,64.4,67.5,5.0,3.2,7.8,999.9,68.2,63.1,0.37
2019-05-06,64.6,68.5,5.4,4.2,7.8,999.9,71.6,66.2,0.09
2019-05-07,63.6,69.6,6.0,4.1,7.8,999.9,73.4,65.8,0.35
2019-05-08,64.7,68.2,5.2,3.2,5.8,999.9,69.8,65.8,0.44
2019-05-09,66.0,76.0,6.5,4.0,9.7,999.9,80.6,66.7,0.44
2019-05-10,67.8,78.8,5.3,3.1,9.7,999.9,86.0,71.1,0.0
2019-05-11,69.6,81.6,3.0,3.2,5.8,13.6,89.6,70.9,0.0
2019-05-12,68.2,82.9,5.9,4.0,7.8,999.9,89.6,70.3,0.0
2019-05-13,71.1,83.6,6.3,4.6,9.7,999.9,89.6,72.5,0.0
2019-05-14,73.2,83.6,6.1,4.1,9.7,999.9,89.6,77.5,0.0
2019-05-15,75.8,85.1,6.1,5.8,11.7,25.3,91.4,78.3,0.3
2019-05-16,76.9,86.6,5.9,4.9,9.7,999.9,95.0,79.5,0.07
2019-05-17,77.4,85.1,6.0,4.5,11.7,999.9,95.0,78.8,0.64
2019-05-18,78.0,88.2,6.1,5.7,9.7,999.9,95.0,78.6,0.02
2019-05-19,77.5,88.0,6.2,6.7,15.5,999.9,96.8,73.4,0.02
2019-05-20,70.3,80.7,6.4,7.5,15.5,999.9,88.2,74.7,0.07
2019-05-21,70.7,78.7,4.5,3.9,5.8,999.9,82.4,74.5,0.01
2019-05-22,72.2,79.0,3.4,3.2,9.7,999.9,83.1,74.3,0.71
2019-05-23,73.3,77.8,4.7,4.7,7.8,999.9,80.6,75.0,3.0
2019-05-24,72.9,79.9,4.8,4.9,7.8,999.9,86.0,73.9,0.01
2019-05-25,74.3,80.8,5.9,4.4,9.7,999.9,84.2,75.2,1.17
2019-05-26,75.3,82.5,6.2,5.3,11.7,999.9,87.8,75.4,1.2
2019-05-27,75.5,81.0,6.4,4.0,7.8,999.9,86.0,75.7,0.35
2019-05-28,74.8,80.4,5.5,4.2,7.8,15.5,84.2,75.2,2.83
2019-05-29,72.2,77.3,6.0,5.4,7.8,999.9,80.6,74.1,0.34
2019-05-30,72.9,77.5,4.6,3.8,5.8,999.9,80.6,73.6,0.35
2019-05-31,75.0,80.1,4.4,2.5,3.9,999.9,86.0,74.7,0.24
2019-06-01,75.4,79.1,4.2,3.0,13.6,999.9,87.8,75.2,0.81
2019-06-02,76.0,81.0,5.1,4.6,11.7,999.9,86.0,76.5,0.19
2019-06-03,75.5,82.9,5.2,4.7,7.8,999.9,91.4,77.4,0.01
2019-06-04,74.4,80.5,5.5,4.5,25.3,999.9,91.4,73.4,1.63
2019-06-05,76.9,80.5,5.0,3.9,15.5,999.9,89.6,74.1,0.47
2019-06-06,76.8,83.2,6.0,4.8,13.6,999.9,91.4,75.7,2.56
2019-06-07,75.7,86.5,6.4,5.7,11.7,999.9,93.2,75.7,99.99
2019-06-08,75.8,86.5,6.4,5.7,15.5,19.4,95.0,77.0,0.04
2019-06-09,75.7,88.1,6.6,8.1,13.6,999.9,93.2,77.0,0.0
2019-06-10,75.9,80.5,5.3,4.6,17.5,25.3,91.4,75.0,2.66
2019-06-11,75.2,79.3,4.8,3.2,15.5,999.9,84.2,74.5,1.17
2019-06-12,76.2,80.3,3.6,4.0,13.6,27.2,87.8,74.1,0.26
2019-06-13,75.0,82.6,5.2,5.8,11.7,17.5,91.4,75.4,0.25
2019-06-14,67.8,82.9,6.7,5.1,9.7,15.5,89.6,70.7,0.0
2019-06-15,68.5,84.6,6.6,4.5,9.7,999.9,92.3,70.5,0.0
2019-06-16,70.9,84.6,6.3,4.9,7.8,999.9,91.4,73.9,99.99
2019-06-17,74.9,85.2,6.5,5.5,9.7,999.9,91.4,73.8,0.01
2019-06-18,77.4,82.6,5.9,3.6,7.8,999.9,86.0,77.7,0.48
2019-06-19,77.7,86.8,6.1,4.7,11.7,999.9,93.2,78.6,0.2
2019-06-20,76.4,88.2,6.3,7.0,17.5,29.1,93.2,78.6,0.0
2019-06-21,76.6,89.9,6.6,8.1,11.7,999.9,96.8,82.6,0.0
2019-06-22,76.8,90.3,6.5,9.4,13.6,999.9,96.8,83.5,0.0
2019-06-23,75.8,84.2,6.1,4.9,19.4,999.9,95.0,77.4,0.07
2019-06-24,74.5,77.1,3.4,4.0,7.8,17.5,78.8,74.3,6.8
2019-06-25,76.3,83.4,3.7,3.1,5.8,999.9,87.8,74.1,0.08
2019-06-26,77.4,83.1,4.4,3.1,7.8,999.9,89.6,77.0,0.33
2019-06-27,78.4,88.1,6.1,4.7,9.7,999.9,95.0,79.5,0.03
2019-06-28,78.7,89.4,6.3,4.9,11.7,999.9,96.8,80.6,99.99
2019-06-29,78.7,89.5,6.5,3.5,7.8,999.9,96.8,81.1,0.0
2019-06-30,78.0,86.5,6.2,4.3,11.7,999.9,96.8,79.5,0.03
2019-07-01,76.7,89.6,6.3,5.2,9.7,999.9,96.8,79.3,0.0
2019-07-02,77.2,83.5,6.3,6.2,19.4,999.9,93.2,77.9,0.05
2019-07-03,77.0,82.5,5.9,6.7,19.4,29.1,89.6,77.7,0.65
2019-07-04,77.1,85.6,6.3,6.2,11.7,999.9,91.4,77.5,1.23
2019-07-05,75.7,87.4,6.3,6.6,9.7,19.4,93.2,79.5,0.03
2019-07-06,76.8,88.8,6.5,7.2,11.7,17.5,95.0,81.5,0.0
2019-07-07,77.3,85.6,6.3,6.0,11.7,21.4,93.2,78.8,0.03
2019-07-08,76.1,87.8,6.2,8.2,11.7,999.9,93.2,78.8,0.0
2019-07-09,76.8,84.6,6.1,6.2,13.6,23.3,91.4,77.4,0.17
2019-07-10,75.5,78.9,5.2,3.5,7.8,999.9,80.6,76.6,1.1
2019-07-11,76.2,80.6,4.8,3.4,7.8,999.9,93.2,75.9,1.3
2019-07-12,77.5,86.1,6.2,7.0,15.5,999.9,91.4,75.0,0.13
2019-07-13,76.5,87.9,6.4,8.3,11.7,999.9,93.2,81.3,0.05
2019-07-14,76.9,84.6,5.9,5.4,11.7,21.4,95.0,76.8,0.33
2019-07-15,77.2,87.5,5.9,5.4,11.7,999.9,95.0,76.8,0.0
2019-07-16,75.8,89.7,5.3,3.0,5.8,15.5,96.8,78.6,0.0
2019-07-17,75.6,91.6,5.6,4.3,9.7,999.9,98.6,79.0,0.0
2019-07-18,75.8,90.3,6.3,5.5,11.7,19.4,100.4,79.9,0.0
2019-07-19,77.2,84.3,5.2,4.9,19.4,29.1,96.8,77.7,1.04
2019-07-20,76.9,85.8,5.3,4.2,17.5,999.9,95.0,77.7,0.11
2019-07-21,77.5,82.5,5.0,3.6,13.6,999.9,91.4,77.4,0.02
2019-07-22,75.9,80.3,5.2,3.9,9.7,19.4,89.6,75.2,1.78
2019-07-23,76.5,81.5,5.3,4.0,7.8,13.6,87.8,74.8,0.31
2019-07-24,76.9,82.9,5.9,4.0,13.6,999.9,89.6,76.5,1.3
2019-07-25,77.0,87.6,6.1,4.1,7.8,999.9,93.2,77.2,0.0
2019-07-26,75.7,89.0,6.3,5.1,9.7,13.6,95.4,78.1,0.0
2019-07-27,75.7,89.5,6.5,4.9,7.8,17.5,96.8,78.3,0.0
2019-07-28,75.5,86.0,6.4,4.8,9.7,999.9,93.2,77.4,0.0
2019-07-29,74.7,84.4,6.3,4.2,11.7,13.6,95.0,76.8,0.36
2019-07-30,75.3,83.9,6.4,5.9,23.3,33.0,93.2,76.5,0.08
2019-07-31,74.3,81.5,6.6,6.1,9.7,999.9,86.0,75.7,0.6
2019-08-01,74.7,79.4,5.9,9.1,13.6,23.3,82.4,75.7,1.34
2019-08-02,74.7,81.4,6.5,7.1,15.5,999.9,86.0,75.7,0.26
2019-08-03,75.2,80.2,6.5,3.8,9.7,21.4,86.0,74.8,0.15
2019-08-04,74.0,86.3,6.2,3.1,7.8,999.9,93.2,74.7,0.0
2019-08-05,75.6,89.1,5.8,2.0,5.8,999.9,96.8,75.9,0.0
2019-08-06,76.0,85.1,6.0,2.8,19.4,33.0,96.8,74.7,1.18
2019-08-07,75.9,86.0,5.3,3.3,25.3,44.7,96.8,74.3,0.06
2019-08-08,74.7,91.8,6.1,4.2,9.7,999.9,98.6,77.2,99.99
2019-08-09,76.0,93.3,6.2,5.2,11.7,21.4,100.4,80.2,0.0
2019-08-10,76.5,91.9,5.6,5.6,13.6,21.4,100.4,79.9,0.05
2019-08-11,77.9,88.4,5.4,4.7,11.7,21.4,95.0,79.3,0.92
2019-08-12,75.0,88.0,5.7,5.0,9.7,17.5,98.6,76.5,0.91
2019-08-13,76.1,88.6,5.6,3.8,9.7,21.4,96.8,76.1,0.91
2019-08-14,75.3,88.3,5.8,5.0,11.7,13.6,98.6,75.4,3.47
2019-08-15,75.7,85.4,5.0,3.2,19.4,23.3,96.8,75.0,0.26
2019-08-16,75.3,84.5,5.1,4.6,17.5,29.1,96.8,76.5,2.4
2019-08-17,76.8,81.6,3.9,3.6,11.7,999.9,89.6,76.1,0.67
2019-08-18,76.7,82.5,5.2,4.0,9.7,999.9,87.8,77.7,0.69
2019-08-19,77.0,85.5,4.7,3.2,17.5,999.9,93.2,77.5,0.04
2019-08-20,75.8,87.2,5.5,4.3,9.7,19.4,95.0,77.4,99.99
2019-08-21,75.6,87.2,4.9,2.8,5.8,999.9,93.2,77.0,0.0
2019-08-22,74.6,88.3,5.3,3.3,9.7,999.9,96.8,77.7,0.0
2019-08-23,75.7,85.2,5.0,2.7,9.7,999.9,95.0,77.5,0.0
2019-08-24,75.6,92.6,5.7,7.2,15.5,23.3,100.4,77.4,0.01
2019-08-25,75.2,81.3,3.6,7.3,17.5,21.4,89.6,75.2,4.17
2019-08-26,75.9,80.4,5.6,4.5,15.5,999.9,86.0,75.2,0.2
2019-08-27,77.1,85.0,5.6,3.2,7.8,999.9,91.4,77.0,0.12
2019-08-28,77.1,90.1,6.0,4.9,9.7,999.9,96.8,76.8,0.12
2019-08-29,76.6,86.0,6.3,5.5,17.5,31.1,96.8,79.0,0.93
2019-08-30,75.6,82.1,6.3,4.5,7.8,999.9,87.8,77.0,0.48
2019-08-31,75.4,81.3,5.8,4.0,9.7,999.9,89.6,76.1,0.16
2019-09-01,74.4,80.9,6.0,6.2,15.5,21.4,93.2,74.3,0.63
2019-09-02,73.9,79.3,6.5,5.4,13.6,999.9,89.6,74.3,0.83
2019-09-03,72.8,83.3,6.5,7.5,13.6,17.5,89.6,74.1,0.39
2019-09-04,74.6,83.1,5.9,5.3,11.7,999.9,89.6,76.1,0.01
2019-09-05,75.1,82.0,6.4,4.7,11.7,999.9,91.4,75.7,0.06
2019-09-06,74.5,85.4,6.5,3.5,11.7,999.9,95.0,75.6,99.99
2019-09-07,76.3,89.0,5.9,2.9,5.8,999.9,96.8,76.8,0.0
2019-09-08,75.8,86.3,5.1,3.2,11.7,999.9,96.8,76.3,0.9
2019-09-09,76.0,86.9,5.3,4.1,11.7,999.9,93.2,75.4,0.0
2019-09-10,74.8,88.2,6.0,4.5,7.8,999.9,95.0,77.0,0.0
2019-09-11,73.7,88.6,6.0,4.0,5.8,15.5,96.8,76.6,0.0
2019-09-12,75.1,89.4,5.8,3.8,7.8,999.9,96.8,76.5,0.0
2019-09-13,76.8,89.1,6.3,3.6,5.8,999.9,96.8,79.7,99.99
2019-09-14,75.9,83.3,5.2,4.1,17.5,27.2,91.6,75.2,0.14
2019-09-15,74.7,84.8,6.3,4.0,7.8,19.4,91.4,76.8,0.01
2019-09-16,74.8,83.7,5.8,3.9,9.7,999.9,93.2,76.3,0.62
2019-09-17,76.0,84.4,4.3,2.8,9.7,13.6,93.2,74.8,0.52
2019-09-18,68.3,86.7,6.4,8.7,13.6,19.4,93.2,75.4,0.15
2019-09-19,62.9,84.5,6.2,8.2,13.6,19.4,93.2,68.9,0.0
2019-09-20,55.3,84.1,6.4,8.8,15.5,31.1,91.4,67.6,0.0
2019-09-21,57.9,80.9,6.7,8.9,15.5,25.3,89.6,68.2,0.0
2019-09-22,52.8,80.8,6.6,8.3,17.5,25.3,87.8,65.7,0.0
2019-09-23,57.4,80.8,6.7,5.4,15.5,999.9,89.6,65.3,0.0
2019-09-24,53.8,80.7,6.4,5.1,9.7,19.4,91.4,64.0,0.0
2019-09-25,57.0,80.8,6.2,4.2,7.8,999.9,91.4,65.3,0.0
2019-09-26,60.6,81.2,6.0,3.6,7.8,999.9,91.4,65.7,0.0
2019-09-27,59.5,82.4,6.1,4.2,9.7,999.9,93.2,66.9,0.0
2019-09-28,60.4,83.3,6.2,3.8,5.8,999.9,93.2,66.6,0.0
2019-09-29,60.2,84.0,5.9,3.6,7.8,999.9,95.0,69.1,0.0
2019-09-30,62.0,85.9,6.1,4.5,9.7,19.4,95.0,68.4,0.0
2019-10-01,65.9,86.3,5.6,3.1,5.8,999.9,96.8,70.0,0.0
2019-10-02,68.7,87.0,4.0,2.7,5.8,999.9,96.8,70.9,0.0
2019-10-03,68.2,85.3,5.5,3.6,5.8,999.9,93.2,71.6,0.0
2019-10-04,66.7,84.9,5.9,3.5,5.8,11.7,95.0,71.4,0.0
2019-10-05,67.8,85.7,5.6,4.0,7.8,999.9,95.0,71.2,0.0
2019-10-06,68.2,83.8,6.2,5.0,11.7,999.9,93.2,72.3,0.1
2019-10-07,73.3,80.0,4.6,3.2,7.8,999.9,87.8,71.8,0.17
2019-10-08,70.9,82.8,4.4,4.9,9.7,999.9,89.6,73.4,0.67
2019-10-09,71.6,81.0,3.9,3.4,7.8,999.9,86.0,73.8,0.0
2019-10-10,71.3,83.7,3.6,2.9,5.8,999.9,89.6,73.0,0.0
2019-10-11,71.3,84.5,4.1,2.9,5.8,999.9,93.2,72.9,0.0
2019-10-12,71.6,85.0,4.0,3.3,11.7,15.5,95.0,73.0,0.59
2019-10-13,70.5,80.6,5.0,4.7,9.7,999.9,86.0,72.0,0.01
2019-10-14,64.2,80.8,6.1,8.8,13.6,21.4,86.0,69.3,0.01
2019-10-15,64.3,78.9,6.2,6.9,13.6,999.9,86.0,68.9,0.0
2019-10-16,63.0,77.8,6.2,5.3,9.7,999.9,84.2,66.2,99.99
2019-10-17,59.1,78.6,6.2,8.3,11.7,999.9,86.0,65.8,0.0
2019-10-18,56.8,78.1,6.5,6.6,11.7,17.5,86.0,67.3,0.0
2019-10-19,58.6,78.1,6.4,4.6,7.8,999.9,87.8,64.9,0.0
2019-10-20,55.7,77.6,6.1,3.8,7.8,999.9,87.8,63.7,0.0
2019-10-21,57.6,76.8,5.6,4.0,7.8,999.9,87.8,63.5,0.0
2019-10-22,61.5,78.2,5.3,4.1,5.8,999.9,84.2,64.6,0.0
2019-10-23,62.3,78.4,5.4,5.6,9.7,999.9,86.0,66.2,0.0
2019-10-24,62.1,76.6,6.1,5.7,9.7,19.4,84.9,66.6,0.0
2019-10-25,65.2,80.4,5.0,3.5,7.8,999.9,86.0,66.2,99.99
2019-10-26,61.4,74.5,5.5,7.4,11.7,999.9,81.7,68.2,0.0
2019-10-27,60.4,75.1,5.8,5.0,7.8,999.9,82.4,68.0,0.0
2019-10-28,58.0,66.7,6.3,9.1,15.5,999.9,72.9,60.8,0.0
2019-10-29,47.0,72.3,6.6,8.0,15.5,999.9,82.4,60.1,0.0
2019-10-30,47.9,72.7,6.5,4.9,11.7,999.9,80.6,59.5,0.0
2019-10-31,54.0,73.9,5.4,3.2,7.8,999.9,78.8,62.1,99.99
2019-11-01,59.1,78.7,5.6,3.4,7.8,999.9,89.6,62.4,99.99
2019-11-02,59.8,80.4,5.4,2.9,7.8,999.9,89.6,65.7,0.0
2019-11-03,54.5,79.0,6.4,10.6,13.6,14.8,87.8,66.7,0.0
2019-11-04,46.0,76.2,6.0,10.9,17.5,25.3,87.3,64.4,0.0
2019-11-05,49.8,72.8,6.2,6.0,13.6,21.4,80.6,56.7,0.0
2019-11-06,50.5,73.8,6.2,4.0,7.8,15.5,82.4,56.3,0.0
2019-11-07,47.1,74.0,6.4,10.0,15.5,21.4,82.4,60.8,0.0
2019-11-08,45.3,71.6,6.5,6.7,13.6,17.5,80.6,60.8,0.0
2019-11-09,50.5,71.3,6.4,4.4,7.8,999.9,80.6,56.1,0.0
2019-11-10,50.4,71.7,5.6,3.6,9.7,999.9,82.4,55.8,0.0
2019-11-11,51.8,73.0,5.4,3.3,5.8,999.9,84.2,55.9,0.0
2019-11-12,60.8,73.8,4.7,3.6,7.8,999.9,82.4,57.6,0.0
2019-11-13,57.4,75.3,5.5,9.2,17.5,21.4,86.0,62.8,0.0
2019-11-14,52.1,71.1,6.4,5.3,13.6,17.5,78.8,57.2,0.0
2019-11-15,57.8,72.6,3.9,2.7,5.8,999.9,80.6,57.2,0.0
2019-11-16,61.1,71.9,3.1,3.5,5.8,999.9,79.3,61.2,0.0
2019-11-17,61.1,75.2,4.9,2.8,5.8,999.9,86.0,60.3,0.0
2019-11-18,51.3,68.4,6.1,13.6,19.4,25.3,78.8,56.3,0.0
2019-11-19,45.4,65.8,6.4,7.9,11.7,999.9,73.4,55.0,0.0
2019-11-20,47.1,67.1,6.5,3.8,11.7,999.9,77.0,53.4,0.0
2019-11-21,46.5,69.4,6.4,3.2,9.7,999.9,78.8,52.9,0.0
2019-11-22,50.5,71.4,6.2,2.0,5.8,999.9,82.4,55.4,0.0
2019-11-23,56.7,72.4,5.0,1.9,3.9,999.9,84.2,56.5,0.0
2019-11-24,57.3,74.5,5.2,3.0,5.8,13.6,86.0,59.4,0.0
2019-11-25,52.4,72.2,5.8,10.0,15.5,25.3,84.7,61.0,0.0
2019-11-26,53.4,70.5,6.5,3.7,9.7,15.5,82.4,61.9,0.0
2019-11-27,51.0,69.5,6.2,9.2,15.5,25.3,82.4,57.2,0.0
2019-11-28,41.9,60.5,6.7,12.2,17.5,27.2,80.8,52.7,0.0
2019-11-29,45.3,60.6,6.7,4.7,7.8,20.6,68.2,52.7,0.0
2019-11-30,50.9,66.7,6.3,3.5,7.8,12.6,77.0,52.5,0.0
2019-12-01,45.8,64.1,6.2,10.9,15.5,27.2,77.0,53.1,0.0
2019-12-02,30.2,58.1,6.7,13.3,23.3,29.1,76.8,48.4,0.0
2019-12-03,23.1,58.6,6.3,10.7,19.4,20.4,68.0,44.8,0.0
2019-12-04,19.2,62.1,6.4,11.8,17.5,21.0,71.6,47.3,0.0
2019-12-05,16.1,62.4,6.6,11.5,19.4,27.4,68.7,50.0,0.0
2019-12-06,19.5,59.9,6.6,11.6,19.4,31.7,69.8,48.2,0.0
2019-12-07,21.8,59.1,6.5,8.3,15.5,23.3,69.8,47.3,0.0
2019-12-08,30.4,59.1,6.4,5.1,11.7,13.0,69.8,44.1,0.0
2019-12-09,35.0,59.8,6.3,2.5,6.0,9.7,69.8,44.1,0.0
2019-12-10,38.9,61.1,5.9,2.5,5.8,999.9,73.4,45.0,0.0
2019-12-11,39.6,64.0,6.2,3.2,9.3,14.6,77.9,45.7,0.0
2019-12-12,43.1,64.6,5.3,2.8,5.8,10.7,77.9,47.5,0.0
2019-12-13,51.4,67.0,4.8,2.2,3.9,13.6,77.0,49.5,0.0
2019-12-14,54.3,67.6,3.7,2.5,3.9,999.9,78.8,53.2,0.0
2019-12-15,57.6,70.0,3.4,2.8,7.8,999.9,78.1,53.4,0.0
2019-12-16,61.0,73.3,4.9,2.9,7.8,11.3,78.8,55.4,0.0
2019-12-17,63.6,74.2,4.1,2.6,5.8,999.9,80.6,60.8,0.0
2019-12-18,58.4,72.7,3.8,6.3,13.6,999.9,85.1,59.0,0.21
2019-12-19,46.9,58.7,5.0,8.6,15.5,21.4,85.1,55.2,0.17
2019-12-20,45.8,58.8,6.7,6.0,10.5,19.2,66.6,53.4,0.0
2019-12-21,50.3,63.4,6.5,4.0,7.8,13.0,69.8,53.4,0.0
2019-12-22,50.8,62.8,5.5,5.1,9.7,12.6,71.6,55.4,0.0
2019-12-23,58.4,69.4,4.0,3.3,7.8,13.0,75.2,57.4,0.0
2019-12-24,56.7,63.7,4.5,4.8,9.7,12.4,74.1,57.2,0.0
2019-12-25,58.3,66.7,2.6,2.8,5.8,13.6,75.2,56.7,0.0
2019-12-26,48.3,61.5,5.2,11.5,17.5,29.5,75.0,52.2,0.0
2019-12-27,38.8,59.6,6.7,6.8,11.7,19.8,72.5,46.8,0.0
2019-12-28,42.1,62.2,5.0,2.9,6.0,11.1,72.0,46.8,0.0
2019-12-29,50.8,69.0,4.9,2.7,3.9,999.9,77.0,50.4,0.0
2019-12-30,54.5,74.3,5.1,5.7,11.7,999.9,82.4,58.8,0.0
2019-12-31,48.3,66.7,5.9,8.4,17.5,19.0,80.1,56.3,0.0
2020-01-01,51.7,63.0,4.4,3.9,7.8,13.0,73.9,55.0,0.0
2020-01-02,54.8,63.9,3.7,2.7,5.8,999.9,71.6,53.1,0.0
2020-01-03,55.9,67.3,3.7,2.5,4.1,999.9,77.0,52.5,0.0
2020-01-04,56.2,69.1,2.5,1.9,3.9,999.9,79.3,53.6,0.0
2020-01-05,58.8,70.3,3.2,2.5,5.8,11.1,79.3,56.1,0.0
2020-01-06,61.2,72.5,5.5,3.0,7.8,19.4,77.4,61.0,0.0
2020-01-07,60.2,71.7,4.7,3.3,11.7,15.5,81.3,62.2,0.0
2020-01-08,50.1,69.4,6.5,4.2,11.3,22.1,81.3,56.7,0.0
2020-01-09,55.3,68.8,5.4,4.3,7.8,10.7,81.0,56.7,0.0
2020-01-10,59.5,70.6,4.4,3.6,7.8,12.0,78.3,59.4,0.0
2020-01-11,47.6,58.1,5.5,9.7,19.4,25.3,78.3,50.0,0.0
2020-01-12,39.5,57.4,6.7,7.5,13.6,23.3,73.2,49.3,0.01
2020-01-13,45.4,60.0,5.8,3.3,7.8,12.0,67.6,49.5,0.01
2020-01-14,48.0,61.7,5.9,4.8,9.7,11.8,70.3,51.3,0.0
2020-01-15,56.0,68.0,5.2,5.3,9.7,18.8,75.4,53.1,0.0
2020-01-16,50.2,61.2,5.5,8.4,17.5,26.0,76.6,49.8,0.13
2020-01-17,40.4,55.6,6.7,8.5,13.6,26.0,76.6,49.8,0.12
2020-01-18,41.8,57.2,6.7,5.5,11.7,18.3,64.9,50.9,0.0
2020-01-19,43.0,53.7,5.9,5.4,9.7,18.3,64.9,50.9,0.0
2020-01-20,47.2,60.2,6.5,2.5,5.8,13.0,66.4,51.1,0.0
2020-01-21,54.7,65.2,5.0,4.1,7.8,10.9,71.8,53.1,0.0
2020-01-22,59.7,69.8,4.2,2.1,5.8,15.5,78.1,57.0,0.0
2020-01-23,61.4,73.4,5.1,4.0,7.8,12.6,82.4,61.5,0.0
2020-01-24,61.5,70.6,5.4,4.3,13.6,999.9,82.2,60.8,0.0
2020-01-25,51.6,56.9,5.8,8.9,13.6,22.3,78.8,50.0,0.22
2020-01-26,42.2,50.4,5.9,10.4,15.5,27.0,69.6,48.2,0.52
2020-01-27,35.8,49.7,6.7,11.7,17.5,22.9,57.0,45.0,0.0
2020-01-28,34.2,51.8,6.7,9.9,15.5,21.6,59.7,44.6,0.0
2020-01-29,32.1,54.0,6.7,8.6,15.5,21.2,62.6,40.1,0.0
2020-01-30,28.1,54.6,6.3,6.6,15.5,21.4,66.2,38.5,0.0
2020-01-31,29.4,56.2,6.5,2.7,8.0,14.2,68.0,38.3,0.0
2020-02-01,40.2,60.0,5.8,3.7,6.4,12.0,68.7,41.2,0.0
2020-02-02,47.5,61.6,5.0,3.4,5.8,999.9,68.7,43.3,0.0
2020-02-03,51.8,56.4,4.7,5.4,9.7,18.6,64.8,52.9,0.5
2020-02-04,51.8,56.9,6.4,3.9,9.7,12.8,61.9,52.9,0.36
2020-02-05,53.3,60.1,6.2,3.7,7.8,13.8,63.9,53.4,0.04
2020-02-06,55.3,61.9,5.4,2.7,5.8,13.8,66.2,55.4,0.0
2020-02-07,52.5,61.0,5.8,6.9,11.7,15.0,66.2,55.4,0.02
2020-02-08,46.2,59.6,6.7,8.2,13.6,14.4,68.0,53.2,0.0
2020-02-09,44.2,57.7,6.7,5.9,11.7,17.3,66.6,53.1,0.0
2020-02-10,47.8,59.2,6.1,2.4,3.9,11.7,63.9,53.6,0.0
2020-02-11,55.4,60.9,3.3,2.4,5.8,999.9,65.5,54.7,0.09
2020-02-12,61.2,64.8,2.1,2.2,7.8,999.9,71.6,58.3,0.01
2020-02-13,62.2,67.7,4.7,3.8,6.4,15.5,75.2,59.7,0.45
2020-02-14,65.8,69.3,3.7,3.7,9.7,14.2,73.4,63.7,1.01
2020-02-15,54.9,59.8,4.3,10.5,17.5,37.9,71.2,46.4,2.66
2020-02-16,37.1,49.0,6.7,13.4,17.5,37.9,68.9,43.3,0.04
2020-02-17,30.3,53.4,6.7,8.7,15.5,24.3,62.6,43.2,0.0
2020-02-18,32.8,55.8,6.7,3.2,9.7,15.0,66.4,41.9,0.0
2020-02-19,45.4,61.6,6.3,2.7,5.8,999.9,70.2,41.9,0.0
2020-02-20,51.4,64.8,5.3,2.6,5.8,15.5,75.2,45.0,0.0
2020-02-21,52.3,67.1,5.0,2.3,7.8,11.5,77.2,51.3,0.0
2020-02-22,55.4,70.4,5.5,2.5,5.8,11.1,81.3,54.0,0.0
2020-02-23,57.2,69.6,5.3,2.5,5.8,999.9,81.3,55.8,0.0
2020-02-24,58.8,72.0,5.8,4.5,9.7,15.5,80.4,57.0,0.0
2020-02-25,61.8,73.3,6.1,3.1,5.8,15.5,82.4,59.9,0.0
2020-02-26,62.3,75.1,5.9,2.5,3.9,13.6,84.2,61.5,0.0
2020-02-27,61.6,72.6,5.4,5.2,9.7,15.5,84.2,61.2,0.0
2020-02-28,60.1,68.2,4.8,2.5,3.9,13.4,80.1,60.8,0.0
2020-02-29,61.7,73.7,5.6,3.6,7.8,13.2,82.4,60.8,0.0
2020-03-01,61.6,72.6,5.9,4.8,7.8,17.5,82.0,62.6,0.0
2020-03-02,58.8,69.9,6.7,4.8,7.8,17.5,82.0,64.4,0.0
2020-03-03,60.7,67.7,4.8,4.0,8.9,19.0,73.2,62.4,0.3
2020-03-04,54.9,59.1,5.7,7.0,11.7,23.9,72.1,55.2,0.38
2020-03-05,53.8,63.7,6.7,2.8,3.9,15.5,67.5,55.0,0.0
2020-03-06,59.1,67.3,5.5,3.4,7.8,11.5,69.8,56.1,0.0
2020-03-07,64.7,70.1,3.6,2.2,5.8,999.9,72.7,63.1,0.02
2020-03-08,66.4,74.3,5.9,9.5,15.5,26.2,77.0,65.5,0.0
2020-03-09,64.6,72.1,6.0,8.4,17.5,30.1,80.6,62.6,0.01
2020-03-10,48.8,66.7,6.7,10.2,19.4,30.1,77.0,57.9,0.01
2020-03-11,51.6,63.5,5.9,3.1,5.8,20.2,74.8,55.4,0.0
2020-03-12,62.0,68.2,3.3,2.5,5.8,12.2,72.1,58.5,0.0
2020-03-13,61.8,68.4,4.2,7.7,16.3,28.2,76.5,62.1,0.32
2020-03-14,50.1,66.5,7.5,7.9,11.7,28.2,77.7,58.5,0.02
2020-03-15,49.1,68.2,6.1,3.6,7.8,10.5,77.7,56.3,0.0
2020-03-16,53.9,70.4,5.3,4.3,8.5,15.7,76.8,60.3,0.0
2020-03-17,62.8,68.0,3.3,3.8,7.8,12.6,76.8,63.7,0.0
2020-03-18,64.0,68.8,3.3,3.6,13.6,15.2,71.6,65.5,0.36
2020-03-19,63.3,66.8,4.6,3.0,9.7,16.5,71.6,64.4,0.98
2020-03-20,65.3,68.7,2.1,2.9,5.8,999.9,71.6,64.4,0.08
2020-03-21,68.2,73.0,3.7,5.1,9.7,14.2,78.8,64.8,0.01
2020-03-22,67.7,77.2,4.6,3.2,7.8,13.2,84.4,68.0,0.0
2020-03-23,68.1,77.3,4.9,4.1,11.7,14.0,86.0,68.0,0.0
2020-03-24,64.4,76.1,5.7,4.8,9.7,15.0,86.0,70.0,0.0
2020-03-25,64.5,74.9,5.9,4.4,9.7,15.0,83.3,69.6,0.02
2020-03-26,67.8,75.3,5.5,5.5,9.7,19.2,81.9,66.2,0.16
2020-03-27,66.0,71.0,5.3,6.8,19.4,29.1,82.4,64.4,3.12
2020-03-28,54.8,64.9,6.7,9.1,15.0,24.5,81.1,58.8,0.01
2020-03-29,56.8,61.6,4.8,4.3,11.7,21.2,72.5,57.2,0.11
2020-03-30,53.7,56.6,4.3,4.3,8.2,21.2,68.9,55.4,0.05
2020-03-31,54.0,58.2,4.9,4.9,9.7,14.4,60.8,55.4,0.05
2020-04-01,53.9,59.6,4.3,4.1,7.8,14.4,63.0,56.7,0.48
2020-04-02,58.0,61.9,3.7,3.5,7.8,11.7,68.0,56.7,0.02
2020-04-03,59.2,62.0,5.0,5.0,15.5,23.3,68.0,59.7,0.65
2020-04-04,56.3,62.2,6.1,7.0,11.7,20.6,72.1,56.7,0.39
2020-04-05,55.8,60.6,5.6,3.3,7.8,16.3,72.1,56.5,0.7
2020-04-06,56.4,59.4,5.0,3.2,7.8,15.3,62.2,57.2,1.33
2020-04-07,55.8,65.8,6.2,2.5,6.8,12.4,73.0,57.4,0.0
2020-04-08,58.1,70.3,4.6,1.8,5.8,999.9,77.7,59.2,0.0
2020-04-09,58.9,73.6,4.2,3.3,9.7,10.1,83.8,60.1,0.0
2020-04-10,54.6,74.2,6.1,4.7,9.7,15.7,83.8,60.1,0.0
2020-04-11,58.6,66.2,4.9,7.8,15.5,25.4,80.6,57.2,0.09
2020-04-12,38.2,64.7,6.7,9.2,19.4,29.1,75.2,47.5,0.09
2020-04-13,38.9,68.2,6.6,3.7,8.9,18.8,76.1,47.1,0.0
2020-04-14,50.0,65.1,4.6,2.3,5.8,999.9,75.9,53.1,0.0
2020-04-15,53.4,71.5,3.9,2.9,5.8,11.8,81.3,52.5,0.0
2020-04-16,61.1,75.1,5.0,5.4,9.7,13.6,84.2,58.1,0.0
2020-04-17,63.8,76.1,5.3,3.0,5.8,13.6,82.8,62.2,0.0
2020-04-18,65.8,76.5,5.6,4.5,7.8,12.0,82.8,66.6,0.0
2020-04-19,70.1,80.7,5.4,3.5,7.8,12.2,87.8,69.4,0.0
2020-04-20,70.5,81.5,6.2,5.5,9.7,13.4,88.3,72.1,0.0
2020-04-21,69.5,78.4,6.5,7.4,11.7,20.4,88.3,67.5,0.06
2020-04-22,59.8,64.3,5.3,6.2,11.7,20.4,84.4,61.2,1.08
2020-04-23,56.2,64.6,6.3,7.4,11.7,16.9,68.0,61.2,0.01
2020-04-24,55.9,62.2,5.5,4.9,11.7,17.5,67.6,58.1,0.12
2020-04-25,57.8,70.8,5.5,2.9,5.8,999.9,75.9,57.6,0.01
2020-04-26,57.1,74.3,5.8,4.1,9.7,13.6,82.4,62.2,0.0
2020-04-27,56.7,77.8,6.3,2.7,5.8,11.8,87.4,63.9,0.0
2020-04-28,58.5,79.2,5.5,3.7,7.8,13.6,89.6,63.7,0.0
2020-04-29,60.2,78.8,5.8,3.7,5.8,13.0,89.1,64.9,0.0
2020-04-30,59.4,80.7,6.2,4.9,9.7,13.6,87.8,66.7,0.0
2020-05-01,67.6,81.3,6.4,4.4,6.4,11.5,87.8,68.5,0.0
2020-05-02,69.9,81.7,6.2,4.6,7.8,12.8,89.6,74.1,0.0
2020-05-03,70.3,86.1,6.6,6.2,7.8,14.4,94.6,73.6,0.0
2020-05-04,72.1,86.3,6.7,6.2,11.7,17.1,95.0,77.0,0.0
2020-05-05,71.8,86.6,6.7,7.4,11.7,19.2,95.0,76.1,0.0
2020-05-06,72.9,86.6,6.7,7.7,11.7,17.5,93.2,75.7,0.0
2020-05-07,74.6,85.7,6.7,7.6,11.7,18.6,91.4,80.8,0.0
2020-05-08,74.2,86.8,6.7,7.7,13.6,18.5,91.4,81.1,0.0
2020-05-09,74.4,87.3,6.7,7.3,11.7,16.7,93.2,81.1,0.0
2020-05-10,72.6,79.3,6.6,4.4,13.6,23.9,90.1,73.9,0.92
2020-05-11,71.5,79.8,5.8,4.7,9.7,25.4,91.4,73.2,0.87
2020-05-12,68.9,81.3,6.2,5.0,9.7,13.2,90.3,73.0,0.0
2020-05-13,69.5,81.9,5.4,6.1,11.7,25.4,89.6,73.4,0.48
2020-05-14,71.9,80.8,5.7,6.7,11.7,21.8,88.9,73.8,0.09
2020-05-15,73.2,84.0,6.0,6.5,13.0,20.4,91.4,76.3,0.02
2020-05-16,71.6,81.0,5.6,4.3,17.5,53.6,91.4,72.3,1.3
2020-05-17,71.1,80.4,5.0,3.3,11.7,23.9,91.4,71.6,0.57
2020-05-18,72.0,80.7,5.2,4.1,9.7,23.9,91.4,72.5,0.0
2020-05-19,71.9,82.7,6.1,4.2,7.8,13.4,91.2,72.3,0.16
2020-05-20,74.9,81.2,5.2,5.8,17.5,27.2,91.2,75.2,3.47
2020-05-21,76.9,81.2,3.1,4.5,11.7,24.1,88.2,75.9,8.62
2020-05-22,71.7,81.0,6.6,5.7,11.7,24.1,87.3,75.6,0.03
2020-05-23,71.9,81.7,5.9,3.7,5.8,9.9,87.8,75.0,0.06
2020-05-24,72.2,82.2,5.4,3.4,7.8,10.5,87.8,74.5,0.02
2020-05-25,75.5,81.7,4.8,4.8,7.8,11.8,86.0,76.6,0.21
2020-05-26,73.3,84.3,5.9,5.3,9.7,19.4,93.0,77.0,0.09
2020-05-27,68.4,79.4,6.1,5.5,10.9,16.5,93.0,73.2,0.38
2020-05-28,71.5,81.7,5.4,2.9,5.8,999.9,86.9,73.2,0.06
2020-05-29,75.3,82.3,5.5,5.4,13.6,28.6,87.8,75.6,0.48
2020-05-30,75.3,80.9,4.6,4.8,9.7,11.7,87.1,75.6,0.2
2020-05-31,74.6,78.5,5.0,4.7,15.5,25.3,88.9,75.2,3.56
2020-06-01,74.0,78.2,4.9,4.7,19.4,33.0,88.9,75.6,0.42
2020-06-02,73.7,80.1,5.9,4.8,11.7,17.5,86.5,76.1,0.04
2020-06-03,74.0,79.8,6.0,5.2,17.5,25.1,91.4,74.7,0.77
2020-06-04,75.1,86.4,6.3,7.4,13.6,35.9,93.2,74.7,0.3
2020-06-05,73.3,80.6,6.5,6.2,13.6,33.6,95.0,74.7,1.78
2020-06-06,74.4,78.5,4.2,4.6,15.5,27.0,89.8,73.4,1.22
2020-06-07,75.4,79.3,4.1,5.1,9.7,20.4,82.4,73.4,0.85
2020-06-08,75.0,79.0,5.0,4.6,11.7,28.9,82.4,75.0,1.28
2020-06-09,74.1,78.1,4.8,4.6,13.6,25.3,86.0,73.4,0.75
2020-06-10,75.2,82.6,5.7,3.3,11.7,24.5,91.6,73.9,0.32
2020-06-11,74.4,86.6,6.6,5.6,9.3,14.2,95.0,76.8,0.0
2020-06-12,73.1,87.7,6.7,4.4,7.8,13.0,94.3,76.3,0.0
2020-06-13,74.7,86.4,6.7,6.7,11.7,18.1,94.3,76.1,0.11
2020-06-14,74.0,80.9,5.9,5.6,11.7,22.3,90.7,77.0,0.28
2020-06-15,75.0,83.2,6.1,5.8,19.4,33.0,91.4,74.8,1.21
2020-06-16,73.4,83.7,6.6,6.4,13.6,30.1,91.4,74.8,0.71
2020-06-17,74.4,80.4,6.2,4.8,13.6,25.3,91.4,75.2,0.45
2020-06-18,74.9,85.2,6.6,5.6,14.4,28.4,93.2,75.7,0.01
2020-06-19,74.4,86.7,6.7,4.1,13.6,16.9,93.2,79.0,0.0
2020-06-20,72.8,87.7,6.7,5.8,9.7,17.7,95.0,78.3,0.0
2020-06-21,73.7,88.7,6.7,7.5,13.6,15.3,95.0,78.8,0.01
2020-06-22,74.9,89.3,6.7,7.7,11.7,17.7,96.8,81.5,0.01
2020-06-23,73.8,89.7,6.7,7.2,13.6,17.7,96.8,82.6,0.0
2020-06-24,74.5,89.5,6.7,9.0,12.8,19.6,95.0,82.9,0.0
2020-06-25,74.3,82.8,6.6,7.1,19.4,29.1,93.4,75.2,0.69
2020-06-26,74.1,88.6,6.7,8.1,13.6,20.4,95.0,75.7,0.11
2020-06-27,73.4,88.2,6.7,6.7,13.8,21.4,95.0,81.7,0.0
2020-06-28,73.0,88.5,6.7,6.9,11.7,17.5,95.0,80.4,0.0
2020-06-29,74.3,88.5,6.5,4.9,12.4,17.5,96.8,79.2,0.0
2020-06-30,73.6,89.6,6.7,4.9,7.8,17.5,96.8,79.2,0.0
2020-07-01,75.5,85.5,6.5,5.1,11.7,16.9,95.5,79.5,0.0
2020-07-02,76.3,84.1,6.5,5.4,11.7,27.0,92.1,79.0,0.17
2020-07-03,75.3,81.7,6.4,4.5,13.6,24.9,89.6,77.0,0.73
2020-07-04,76.0,81.8,6.2,3.5,6.4,20.4,88.5,77.7,0.71
2020-07-05,75.6,85.5,6.3,5.6,13.6,19.6,93.2,77.5,0.33
2020-07-06,74.0,87.4,6.6,6.2,11.7,16.7,95.0,77.7,0.07
2020-07-07,73.5,88.2,6.4,8.0,11.7,23.3,93.4,79.7,0.0
2020-07-08,74.7,87.9,6.7,8.2,11.7,17.1,93.4,82.0,0.0
2020-07-09,73.7,88.9,6.7,9.6,15.5,22.5,93.2,83.1,0.0
2020-07-10,74.5,87.6,6.7,7.7,11.7,21.4,93.2,83.5,0.0
2020-07-11,74.2,88.4,6.7,9.5,13.6,22.9,96.8,82.4,0.0
2020-07-12,73.2,89.4,6.7,7.0,11.7,18.8,96.8,79.3,0.0
2020-07-13,72.4,90.4,6.7,4.0,5.8,18.8,99.3,78.6,0.0
2020-07-14,72.5,92.3,6.5,4.7,9.7,21.4,100.4,78.8,0.0
2020-07-15,71.5,91.3,6.7,7.6,11.7,16.9,100.4,82.6,0.0
2020-07-16,71.8,90.5,6.7,8.1,11.7,20.6,98.6,82.4,0.0
2020-07-17,71.8,90.3,6.7,9.6,13.6,25.3,98.6,82.9,0.0
2020-07-18,72.8,89.9,6.7,8.8,11.7,22.9,98.6,82.4,0.0
2020-07-19,72.9,89.3,6.7,7.2,15.5,19.0,98.6,82.0,0.0
2020-07-20,72.9,89.0,6.7,6.6,9.7,19.0,96.8,81.9,0.0
2020-07-21,71.6,88.6,6.7,4.4,23.3,999.9,96.8,77.4,0.0
2020-07-22,73.3,87.5,6.5,4.6,9.7,13.4,95.9,77.4,0.03
2020-07-23,73.2,90.2,6.7,4.0,9.7,17.5,98.6,78.6,0.0
2020-07-24,72.4,91.8,6.7,4.2,7.8,13.2,99.9,78.1,0.0
2020-07-25,73.4,92.2,6.7,5.9,9.7,13.2,100.4,80.2,0.0
2020-07-26,73.5,90.5,6.7,6.5,10.1,14.4,98.8,81.9,0.0
2020-07-27,72.8,90.2,7.2,6.4,11.7,17.9,98.6,82.9,0.0
2020-07-28,72.8,90.7,6.7,6.0,11.7,21.4,100.4,78.4,0.17
2020-07-29,71.4,88.9,6.7,4.6,19.4,29.1,100.4,77.5,0.26
2020-07-30,71.1,88.2,7.2,5.9,13.6,19.0,100.2,77.2,0.0
2020-07-31,72.1,85.0,6.7,8.5,15.5,25.3,95.4,78.1,0.18
2020-08-01,73.2,82.3,6.6,9.3,15.5,29.1,91.4,76.6,0.6
2020-08-02,74.0,82.6,6.6,6.7,11.7,21.4,89.6,76.6,0.14
2020-08-03,74.6,82.9,6.6,5.0,9.7,13.4,91.4,77.2,0.19
2020-08-04,75.2,82.5,5.9,5.0,15.5,999.9,92.5,77.2,0.22
2020-08-05,74.5,78.9,5.4,5.4,8.4,20.8,92.5,76.1,1.4
2020-08-06,74.9,85.8,6.3,4.4,11.7,16.3,93.2,75.7,0.22
2020-08-07,73.7,86.9,6.7,4.5,7.8,13.6,94.6,77.4,0.0
2020-08-08,72.5,88.8,6.7,4.1,7.8,12.2,96.3,77.0,0.0
2020-08-09,72.6,89.4,6.7,4.7,9.7,16.7,98.6,78.1,0.0
2020-08-10,73.2,89.7,6.7,5.6,10.5,16.7,98.2,80.8,0.0
2020-08-11,74.9,86.6,6.3,6.6,11.7,20.0,96.3,75.2,1.65
2020-08-12,74.5,81.2,6.2,6.0,15.5,22.0,92.1,75.2,0.56
2020-08-13,74.5,82.4,6.5,5.7,13.6,22.9,90.3,75.9,0.07
2020-08-14,74.7,83.7,6.3,3.4,13.6,27.0,91.4,77.9,0.06
2020-08-15,74.5,82.3,6.2,3.6,8.4,16.7,91.2,77.4,0.05
2020-08-16,72.0,84.9,6.7,5.4,13.6,22.3,93.2,75.6,0.01
2020-08-17,73.4,83.2,6.4,3.1,11.5,21.6,93.2,75.6,0.02
2020-08-18,72.5,83.4,6.0,6.2,9.7,22.3,93.2,75.0,0.53
2020-08-19,73.9,79.5,5.7,6.8,17.5,28.4,91.6,75.0,0.6
2020-08-20,74.7,84.0,6.5,3.7,9.7,15.3,93.2,76.3,0.0
2020-08-21,74.0,87.5,5.6,3.2,5.8,999.9,95.5,76.8,0.0
2020-08-22,73.9,85.9,5.5,3.0,15.5,27.2,95.5,77.7,0.0
2020-08-23,73.9,87.9,5.4,2.7,7.8,999.9,96.3,77.4,0.0
2020-08-24,74.2,89.5,6.2,4.4,10.7,21.8,97.3,78.6,0.4
2020-08-25,74.7,89.7,6.3,5.4,10.3,21.8,97.3,78.8,0.0
2020-08-26,74.2,83.8,6.1,4.2,13.6,21.0,96.8,75.2,2.15
2020-08-27,73.4,85.3,6.4,3.8,7.8,999.9,94.6,75.0,0.0
2020-08-28,71.3,88.1,5.8,3.4,7.8,12.0,97.2,76.6,0.0
2020-08-29,72.8,88.2,5.2,3.2,9.7,11.7,97.2,76.5,0.0
2020-08-30,71.8,88.8,5.3,4.5,9.7,15.5,96.8,77.0,0.02
2020-08-31,74.4,86.3,5.4,3.9,11.7,16.9,96.4,78.3,0.02
2020-09-01,74.1,86.2,5.9,3.3,15.5,25.3,97.0,77.7,0.0
2020-09-02,72.4,88.7,5.4,3.7,7.8,15.2,97.0,77.4,0.0
2020-09-03,73.3,89.4,5.3,3.3,6.8,14.4,98.2,76.8,0.0
2020-09-04,74.7,81.9,3.9,5.5,13.6,23.3,98.2,75.2,0.82
2020-09-05,74.0,81.2,4.7,3.4,15.5,999.9,91.2,75.4,0.02
2020-09-06,74.3,86.2,4.5,4.0,6.4,12.6,93.4,75.2,0.01
2020-09-07,74.9,81.7,5.0,4.2,9.7,21.8,93.4,77.2,3.14
2020-09-08,74.6,79.8,5.6,3.2,9.7,11.5,91.0,77.0,0.17
2020-09-09,73.7,80.6,4.9,3.2,11.7,11.8,89.6,76.5,0.36
2020-09-10,73.6,84.3,5.2,4.4,11.7,17.5,93.2,76.3,0.01
2020-09-11,73.9,83.5,5.4,5.8,15.5,18.8,93.2,74.5,1.78
2020-09-12,74.6,80.7,6.4,3.4,7.8,16.3,91.8,74.3,1.44
2020-09-13,74.3,81.3,5.5,4.1,11.7,16.7,91.8,74.1,0.96
2020-09-14,74.6,81.7,5.3,3.9,9.7,14.4,90.7,76.1,0.68
2020-09-15,74.3,78.7,5.5,3.8,9.7,10.1,90.7,75.2,1.24
2020-09-16,75.6,82.0,6.4,4.2,11.7,13.0,91.4,75.2,0.1
2020-09-17,74.9,85.4,6.5,4.5,9.7,18.8,93.7,75.9,0.01
2020-09-18,73.0,79.4,5.5,6.7,11.7,17.1,93.7,75.2,1.09
2020-09-19,74.3,80.1,6.5,4.8,13.6,29.9,89.6,75.2,0.61
2020-09-20,75.0,83.6,5.4,3.4,7.8,13.6,92.1,75.7,0.02
2020-09-21,75.7,81.3,5.6,3.8,9.7,19.4,92.1,77.0,0.02
2020-09-22,75.6,82.8,5.7,3.0,9.7,14.2,91.0,77.0,0.24
2020-09-23,71.8,80.7,5.5,4.7,11.7,12.4,90.1,73.8,0.19
2020-09-24,66.8,77.8,6.7,6.1,11.7,16.7,90.1,72.9,0.01
2020-09-25,69.2,80.1,6.6,3.5,7.8,12.0,86.5,72.5,0.0
2020-09-26,70.7,77.0,5.4,4.8,7.8,12.0,86.5,71.6,0.68
2020-09-27,67.1,74.4,6.5,3.7,10.5,15.9,84.7,71.6,0.01
2020-09-28,71.0,78.6,6.7,3.0,5.8,12.2,83.1,71.6,0.0
2020-09-29,73.6,82.5,5.4,2.5,5.8,999.9,87.8,73.9,0.02
2020-09-30,71.2,78.2,5.4,4.7,13.6,23.3,87.8,73.4,0.02
2020-10-01,71.3,78.5,5.7,3.0,7.8,12.0,86.7,72.9,0.06
2020-10-02,70.6,83.0,5.7,3.6,7.8,13.8,91.4,72.3,0.01
2020-10-03,71.6,84.2,6.0,2.3,5.8,13.8,92.1,72.3,0.0
2020-10-04,71.6,84.7,5.5,5.3,11.7,16.5,93.2,74.5,0.0
2020-10-05,65.2,79.0,6.7,9.0,11.7,17.5,92.1,71.1,0.0
2020-10-06,60.8,74.9,6.7,8.9,11.7,14.4,84.7,67.8,0.0
2020-10-07,58.7,73.4,6.7,11.4,15.5,23.1,80.1,67.6,0.0
2020-10-08,58.0,73.1,6.7,10.9,15.5,23.1,78.8,68.2,0.0
2020-10-09,57.6,73.3,6.7,8.4,13.6,20.4,80.6,67.6,0.0
2020-10-10,60.0,77.2,6.6,4.9,9.7,16.5,86.0,66.6,0.0
2020-10-11,61.8,80.4,6.6,4.7,11.7,15.5,88.3,66.0,0.0
2020-10-12,59.2,82.5,6.7,10.5,13.6,15.2,89.6,69.3,0.0
2020-10-13,67.2,77.8,6.6,7.3,13.6,22.3,89.1,72.3,0.08
2020-10-14,68.4,78.9,6.7,4.4,7.8,16.9,83.3,72.3,0.0
2020-10-15,65.8,80.2,6.7,6.4,11.7,14.6,87.8,73.6,0.0
2020-10-16,62.3,78.2,6.2,11.8,17.5,23.3,87.8,68.7,0.0
2020-10-17,56.9,72.9,6.7,12.1,15.5,21.6,86.7,65.3,0.0
2020-10-18,57.1,73.1,6.7,11.1,15.5,20.8,80.6,64.9,0.0
2020-10-19,56.0,72.4,6.7,10.4,15.5,20.8,80.6,63.7,0.0
2020-10-20,57.3,72.5,6.7,9.7,15.5,25.3,80.6,63.3,0.0
2020-10-21,55.0,72.4,6.7,12.0,17.5,28.6,79.5,65.5,0.0
2020-10-22,49.4,74.0,6.7,13.8,23.3,28.4,80.6,66.4,0.0
2020-10-23,40.8,74.7,6.7,12.5,17.5,27.2,82.4,65.7,0.0
2020-10-24,47.1,73.5,6.7,5.8,13.6,19.8,79.2,66.0,0.0
2020-10-25,55.0,75.2,6.7,3.3,6.2,11.8,82.4,63.5,0.0
2020-10-26,56.4,79.7,6.2,4.4,9.7,17.5,89.6,63.1,0.0
2020-10-27,59.3,80.1,6.5,4.2,9.7,18.3,89.6,64.6,0.0
2020-10-28,62.5,77.7,6.4,5.7,11.7,20.4,87.6,66.7,0.08
2020-10-29,64.8,70.4,4.0,6.5,11.7,15.7,82.0,67.6,0.25
2020-10-30,62.5,73.5,4.6,3.3,9.7,16.7,78.8,66.6,0.0
2020-10-31,62.8,75.0,5.0,2.4,5.8,16.7,82.4,66.6,0.0
2020-11-01,62.1,77.5,4.9,3.7,9.7,11.3,86.0,66.6,0.0
2020-11-02,57.1,74.1,6.4,10.5,15.5,23.3,84.0,65.5,0.0
2020-11-03,53.8,73.6,6.7,8.7,13.6,17.7,81.3,64.9,0.0
2020-11-04,55.0,72.5,5.6,3.9,7.8,12.4,79.3,62.4,0.0
2020-11-05,58.6,73.5,5.6,3.4,7.8,14.8,82.4,61.5,0.0
2020-11-06,56.7,78.1,5.9,7.5,13.6,19.0,86.0,62.1,0.0
2020-11-07,55.1,78.5,6.6,11.5,15.5,23.7,86.0,65.7,0.0
2020-11-08,41.2,76.4,6.7,11.6,15.5,23.7,85.3,67.8,0.0
2020-11-09,38.4,72.8,6.7,10.4,15.5,22.7,84.0,63.5,0.0
2020-11-10,42.0,70.7,6.7,6.6,11.7,15.7,81.0,58.1,0.0
2020-11-11,45.0,71.2,6.7,5.5,11.7,16.5,80.6,55.2,0.0
2020-11-12,44.9,72.7,6.7,8.5,15.5,16.3,82.4,55.2,0.0
2020-11-13,48.3,75.6,6.6,9.5,15.5,17.3,82.4,58.6,0.0
2020-11-14,58.9,67.8,6.2,7.1,15.5,999.9,79.2,64.2,0.01
2020-11-15,64.5,70.5,5.2,3.3,5.8,10.7,75.2,64.0,0.08
2020-11-16,67.0,77.3,4.7,2.6,5.8,999.9,87.8,64.6,0.0
2020-11-17,67.9,76.7,5.3,2.9,7.8,11.3,85.5,67.3,0.0
2020-11-18,70.4,79.3,6.3,3.6,7.8,10.9,86.0,68.7,0.04
2020-11-19,71.2,79.2,5.6,3.2,5.8,999.9,87.8,70.7,0.01
2020-11-20,71.3,80.3,5.0,3.4,5.8,999.9,89.6,70.5,0.0
2020-11-21,70.9,79.3,6.6,5.2,9.7,12.6,87.3,71.8,0.04
2020-11-22,65.5,76.4,6.2,7.3,11.7,19.0,87.8,66.2,0.0
2020-11-23,57.1,67.7,6.7,7.8,11.7,19.0,87.3,63.9,0.0
2020-11-24,57.3,70.0,6.7,5.7,11.7,15.3,78.8,63.0,0.0
2020-11-25,61.8,73.4,6.7,3.6,5.8,10.7,84.2,63.0,0.0
2020-11-26,59.5,70.7,6.2,8.6,13.6,18.6,82.4,61.2,0.0
2020-11-27,52.2,65.9,6.7,12.7,15.5,21.4,81.9,57.4,0.0
2020-11-28,49.8,64.5,6.7,11.9,17.5,24.5,74.5,57.4,0.0
2020-11-29,46.9,60.7,6.7,10.4,13.6,24.5,73.8,53.8,0.0
2020-11-30,46.9,61.2,7.2,11.0,15.5,21.4,71.6,53.4,0.0
2020-12-01,48.9,62.7,6.7,8.2,13.6,16.7,71.8,54.1,0.0
2020-12-02,48.4,62.8,6.6,11.4,15.5,22.0,72.1,52.7,0.0
2020-12-03,43.4,59.0,6.7,12.9,17.5,24.9,72.1,50.4,0.0
2020-12-04,40.8,56.2,6.7,12.0,17.5,24.9,65.1,48.9,0.0
2020-12-05,42.9,57.5,6.3,7.4,11.7,18.6,68.0,48.6,0.0
2020-12-06,47.3,61.5,6.0,4.3,8.0,14.0,70.7,47.5,0.0
2020-12-07,47.2,62.5,6.4,9.9,13.6,18.8,72.9,50.4,0.0
2020-12-08,46.7,62.0,6.3,7.9,11.7,20.0,72.9,52.2,0.0
2020-12-09,51.1,66.1,6.3,5.0,9.7,13.8,71.6,52.5,0.0
2020-12-10,53.3,69.4,6.6,5.8,9.7,14.2,74.5,55.8,0.0
2020-12-11,56.1,68.8,6.4,6.7,11.7,15.9,76.5,62.6,0.01
2020-12-12,55.2,68.1,5.8,5.1,9.7,15.9,76.5,62.6,0.01
2020-12-13,60.1,65.5,3.7,5.6,15.5,21.8,73.2,57.2,0.03
2020-12-14,45.8,51.6,6.6,13.4,17.5,22.9,72.5,44.6,0.03
2020-12-15,39.5,49.8,6.7,10.7,13.6,20.0,56.8,44.2,0.0
2020-12-16,38.7,49.9,6.7,11.3,13.6,21.6,58.3,45.5,0.0
2020-12-17,41.0,50.4,6.7,7.4,9.7,21.0,58.3,46.0,0.0
2020-12-18,40.6,53.2,6.7,12.9,17.5,25.3,61.7,46.4,0.0
2020-12-19,35.0,52.9,6.7,14.4,19.4,25.4,61.7,46.8,0.0
2020-12-20,31.4,55.1,6.7,13.6,17.5,25.6,62.6,47.5,0.0
2020-12-21,33.9,56.7,6.3,9.4,17.5,25.6,65.8,46.8,0.0
2020-12-22,44.9,62.2,6.5,3.6,7.8,12.2,69.1,47.5,0.0
2020-12-23,52.0,66.8,6.6,6.1,11.7,15.5,75.2,50.2,0.0
2020-12-24,52.3,62.8,6.1,9.1,13.6,17.5,73.4,58.3,0.01
2020-12-25,49.3,62.9,5.6,4.1,7.8,14.8,69.1,57.7,0.0
2020-12-26,54.2,66.4,4.9,3.2,5.8,999.9,72.5,58.1,0.0
2020-12-27,56.3,69.2,4.5,2.9,4.7,999.9,80.6,57.4,0.0
2020-12-28,56.6,70.0,5.9,4.2,7.8,12.0,82.4,56.5,0.0
2020-12-29,51.3,66.1,5.2,10.1,25.3,40.4,80.6,50.0,0.0
2020-12-30,26.1,50.0,6.7,15.1,21.4,40.4,59.0,38.3,0.0
2020-12-31,13.1,47.9,6.7,9.7,15.5,29.9,57.6,34.5,0.0
2021-01-01,18.7,49.5,6.7,4.9,9.7,11.3,59.9,34.0,0.0
2021-01-02,25.4,53.2,6.7,2.7,5.8,14.2,66.2,36.3,0.0
2021-01-03,30.5,62.2,6.5,6.0,9.7,18.3,71.6,39.7,0.0
2021-01-04,34.7,63.4,6.7,5.1,9.7,12.6,70.2,44.1,0.0
2021-01-05,34.4,63.7,6.7,9.5,13.6,14.0,73.8,53.6,0.0
2021-01-06,38.0,60.1,6.0,8.1,13.6,14.0,73.8,51.6,0.0
2021-01-07,32.8,48.3,6.1,16.2,19.4,24.9,68.4,39.6,0.0
2021-01-08,17.7,44.1,6.5,14.0,17.5,27.2,55.8,39.6,0.0
2021-01-09,11.6,49.9,6.7,8.9,13.6,21.4,54.1,40.6,0.0
2021-01-10,15.9,49.4,6.7,10.5,17.5,21.0,54.1,41.2,0.0
2021-01-11,24.8,43.8,6.6,7.9,13.6,27.4,54.1,39.2,0.0
2021-01-12,21.2,48.8,6.5,6.2,17.5,20.6,61.5,34.2,0.0
2021-01-13,27.8,53.8,6.3,2.9,5.8,999.9,68.0,34.2,0.0
2021-01-14,32.2,57.3,5.5,2.7,5.8,999.9,71.6,36.1,0.0
2021-01-15,42.8,60.1,4.0,3.0,4.7,999.9,73.8,39.4,0.0
2021-01-16,42.8,64.3,3.8,6.6,21.4,31.1,73.8,44.4,0.0
2021-01-17,29.2,55.8,5.7,12.3,21.4,31.1,73.2,43.2,0.0
2021-01-18,31.1,54.2,6.3,4.9,7.8,17.9,64.6,40.5,0.0
2021-01-19,36.2,59.0,6.0,3.0,5.8,10.9,69.8,39.7,0.0
2021-01-20,48.7,66.4,4.3,2.9,5.8,999.9,75.2,41.4,0.0
2021-01-21,58.5,67.6,5.2,5.3,9.7,12.6,75.6,50.0,0.0
2021-01-22,59.7,66.9,6.4,5.4,9.7,12.6,75.6,59.0,0.0
2021-01-23,52.1,66.6,5.3,6.0,11.7,17.5,77.7,56.7,0.0
2021-01-24,55.0,67.9,5.6,6.1,11.7,12.4,77.7,56.5,0.0
2021-01-25,57.2,69.6,5.8,3.7,9.7,13.6,79.0,57.6,0.0
2021-01-26,51.9,67.0,5.8,7.6,13.6,17.9,79.0,58.6,0.0
2021-01-27,52.4,66.8,6.2,3.7,11.7,17.9,78.8,56.1,0.0
2021-01-28,42.9,60.4,5.8,10.9,15.5,25.1,74.5,49.5,0.0
2021-01-29,40.0,60.0,6.7,3.2,5.8,12.0,70.3,46.0,0.0
2021-01-30,47.3,62.6,6.0,2.9,7.8,999.9,74.3,47.1,0.0
2021-01-31,48.6,65.6,5.8,3.5,9.7,14.0,78.8,48.2,0.0
2021-02-01,55.1,68.1,6.1,2.6,5.8,10.3,79.7,50.9,0.0
2021-02-02,54.7,71.6,6.3,3.6,7.8,10.7,84.2,54.0,0.0
2021-02-03,53.8,68.4,6.1,3.4,5.8,12.2,82.2,53.4,0.0
2021-02-04,53.9,69.0,5.1,3.4,7.8,10.3,80.6,52.9,0.0
2021-02-05,53.6,69.0,6.1,3.3,5.8,15.5,80.6,52.7,0.0
2021-02-06,54.7,70.8,5.9,2.7,5.8,999.9,82.9,53.6,0.0
2021-02-07,50.9,72.3,6.0,3.4,5.8,12.2,84.2,54.1,0.0
2021-02-08,54.9,72.3,6.0,4.9,13.6,999.9,83.5,55.2,0.0
2021-02-09,56.2,62.5,5.7,8.4,11.7,17.1,81.5,55.4,0.57
2021-02-10,54.8,57.8,6.0,6.3,11.7,27.2,69.6,54.9,1.41
2021-02-13,53.1,63.0,6.1,2.2,3.9,10.7,75.7,52.5,0.0
2021-02-14,54.6,67.6,5.7,2.9,5.8,12.2,80.6,52.0,0.0
2021-02-15,52.9,70.9,6.0,4.5,9.7,13.0,84.2,53.4,0.0
2021-02-16,55.7,70.4,6.2,7.3,15.5,17.7,81.0,54.3,0.0
2021-02-17,41.9,66.8,6.7,10.6,15.5,21.6,78.4,51.6,0.0
2021-02-18,34.5,64.8,6.7,5.5,9.7,15.9,76.1,49.1,0.0
2021-02-19,42.7,68.7,6.0,3.8,5.8,11.8,77.0,48.7,0.0
2021-02-21,53.5,62.9,9.8,2.9,6.0,12.2,78.6,52.7,0.0
2021-02-22,56.8,72.2,5.0,3.0,5.8,10.5,82.4,54.7,0.0
2021-02-23,58.6,74.0,6.2,3.8,9.7,12.6,86.0,56.7,0.0
2021-02-24,60.1,72.2,6.1,5.9,15.5,999.9,85.5,59.2,0.0
2021-02-25,64.3,70.1,4.7,4.3,9.7,12.4,77.7,64.4,0.03
2021-02-26,55.8,62.1,5.7,8.6,15.5,22.3,76.1,57.2,0.01
2021-02-27,51.2,60.1,6.7,6.0,11.7,21.4,70.3,57.2,0.01
2021-02-28,57.8,66.3,6.0,3.0,7.8,10.1,73.2,57.4,0.0
2021-03-01,58.2,68.0,5.0,7.7,17.5,27.4,78.8,57.2,0.0
2021-03-02,46.8,62.9,6.7,10.3,15.5,27.4,76.6,57.6,0.0
2021-03-03,50.3,61.1,6.6,5.8,11.7,14.4,70.7,57.2,0.0
2021-03-04,57.6,59.9,3.7,2.9,5.8,12.6,69.6,56.8,0.17
2021-03-05,65.5,66.9,1.6,3.0,5.8,10.1,70.2,57.0,0.1
2021-03-06,65.1,68.5,4.2,6.2,11.7,17.5,72.1,62.6,0.72
2021-03-07,56.7,67.1,6.7,6.8,11.7,17.7,73.4,62.1,0.0
2021-03-08,58.3,66.7,6.5,3.4,7.8,11.8,72.5,62.1,0.0
2021-03-09,59.5,67.7,4.5,4.3,9.7,11.7,75.4,61.7,0.0
2021-03-10,61.8,70.6,4.7,4.0,7.8,16.5,78.8,61.7,0.0
2021-03-11,62.9,73.1,5.0,3.2,5.8,10.1,78.8,64.8,0.0
2021-03-12,63.0,74.5,5.8,5.8,9.7,13.2,84.2,64.8,0.0
2021-03-13,63.3,71.7,4.6,3.3,6.2,10.7,84.2,64.8,0.0
2021-03-14,63.9,72.3,3.1,4.5,9.7,12.8,78.1,64.8,0.0
2021-03-15,62.6,75.6,6.1,5.7,9.7,15.0,84.2,64.2,0.0
2021-03-16,65.5,75.6,5.1,3.3,5.8,11.7,82.4,63.7,0.0
2021-03-17,67.3,78.4,5.7,5.1,7.8,14.8,86.0,63.3,0.0
2021-03-18,68.6,78.8,6.3,6.0,9.7,14.8,86.0,66.4,0.0
2021-03-19,67.6,79.0,6.1,5.4,9.7,15.3,87.8,68.5,0.0
2021-03-20,63.0,74.3,6.4,7.8,13.6,24.7,86.0,64.4,0.0
2021-03-21,48.2,58.7,6.6,13.8,17.5,26.6,86.0,56.1,0.0
2021-03-22,41.3,62.8,6.7,9.7,17.5,20.2,68.4,55.9,0.0
2021-03-23,47.6,61.6,6.2,3.8,9.7,11.7,68.4,56.7,0.0
2021-03-24,56.7,66.1,4.1,3.7,7.8,11.3,75.2,56.5,0.0
2021-03-25,55.6,74.3,5.9,5.0,7.8,16.1,83.8,57.2,0.0
2021-03-26,59.5,74.9,6.5,5.0,7.8,16.1,83.8,62.8,0.0
2021-03-27,67.5,77.6,5.7,4.8,11.7,13.6,84.2,66.9,0.0
2021-03-28,70.2,79.8,5.5,3.8,5.8,11.5,87.8,68.5,0.0
2021-03-29,71.6,80.7,6.3,7.5,11.7,15.9,86.5,71.2,0.0
2021-03-30,71.5,81.8,6.7,7.9,13.6,20.0,89.6,75.0,0.0
2021-03-31,71.4,79.3,6.7,6.5,11.7,21.4,87.1,75.2,0.0
2021-04-01,71.0,81.4,6.7,7.4,11.7,17.9,89.6,72.9,0.0
2021-04-02,71.4,81.7,6.7,5.7,11.7,13.2,89.6,72.5,0.0
2021-04-03,67.4,81.1,5.8,7.1,13.6,16.9,89.6,71.4,0.0
2021-04-04,60.4,70.5,6.7,9.1,13.6,17.7,88.9,65.7,0.0
2021-04-05,61.5,70.3,6.2,4.3,8.0,16.9,77.2,65.5,0.0
2021-04-06,65.6,78.2,5.4,4.3,9.7,9.9,86.0,65.1,0.0
2021-04-07,66.0,77.0,5.8,6.1,9.7,14.2,86.0,68.9,0.02
2021-04-08,62.2,67.3,5.7,6.8,13.6,14.8,80.6,61.9,0.37
2021-04-09,56.9,67.7,6.7,6.0,9.7,12.4,72.7,61.7,0.01
2021-04-10,61.6,73.8,6.3,3.6,9.7,10.3,80.6,62.6,0.0
2021-04-11,63.1,77.7,6.5,4.6,7.8,16.5,87.8,65.7,0.0
2021-04-12,67.9,80.2,6.4,5.2,11.7,15.0,89.6,65.1,0.0
2021-04-13,69.6,81.4,6.2,4.2,6.6,13.4,89.6,68.4,0.0
2021-04-14,68.8,81.1,6.5,8.3,12.4,18.6,88.2,69.1,0.0
2021-04-15,68.5,72.9,5.1,5.6,9.7,18.6,87.3,69.8,0.19
2021-04-16,68.3,70.2,4.8,4.1,11.7,13.8,78.8,68.0,0.8
2021-04-17,64.8,74.3,6.2,5.5,9.7,11.8,78.8,68.0,0.01
2021-04-18,66.2,71.7,3.9,4.2,7.8,11.7,80.2,66.6,0.04
2021-04-19,64.1,71.0,5.2,5.5,7.8,13.4,80.2,66.2,0.07
2021-04-20,63.3,72.7,6.0,5.4,7.8,10.5,77.4,65.5,0.02
2021-04-21,67.1,78.9,6.3,4.1,7.8,15.5,87.4,67.6,0.0
2021-04-22,69.7,80.0,5.9,2.9,5.8,13.6,88.5,67.6,0.0
2021-04-23,70.9,84.4,5.6,5.0,9.7,14.2,93.2,69.8,0.0
2021-04-24,70.2,83.2,6.7,8.0,13.6,20.4,92.1,75.2,0.0
2021-04-25,68.6,74.6,6.5,5.9,11.7,16.5,88.5,68.7,0.32
2021-04-26,67.5,71.4,5.7,4.4,9.7,13.4,80.1,68.5,0.1
2021-04-27,69.7,71.5,3.8,3.8,5.8,999.9,74.8,69.4,0.22
2021-04-28,65.6,69.3,4.8,7.4,11.7,15.2,72.7,65.3,0.5
2021-04-29,60.5,73.3,6.6,5.3,13.6,17.1,82.4,61.0,0.0
2021-04-30,64.1,80.0,6.3,3.2,7.8,999.9,89.6,60.8,0.0
2021-05-01,69.9,83.3,5.3,4.4,7.8,15.5,91.4,68.7,0.0
2021-05-02,71.0,75.7,3.3,4.8,15.5,27.2,91.4,66.2,1.29
2021-05-03,71.6,74.8,4.9,3.2,7.8,11.7,88.3,66.4,0.07
2021-05-04,71.0,76.0,6.1,5.7,16.9,43.9,87.4,68.7,1.35
2021-05-05,70.7,80.8,6.4,4.5,9.7,12.4,87.6,69.8,0.1
2021-05-06,71.8,80.9,6.0,5.2,9.7,12.6,89.6,72.9,0.23
2021-05-07,74.0,84.8,5.8,5.0,9.7,12.4,93.2,72.5,0.0
2021-05-08,75.2,85.7,6.4,5.7,9.7,15.3,93.2,77.0,0.0
2021-05-09,74.9,86.4,6.7,6.7,9.7,17.3,95.0,79.2,0.02
2021-05-10,73.4,86.1,6.7,7.7,11.7,16.1,95.0,78.8,0.0
2021-05-11,73.2,88.0,6.7,9.2,13.6,19.0,95.0,78.3,0.0
2021-05-12,74.8,87.6,6.7,7.5,13.6,20.6,95.0,77.0,0.0
2021-05-13,76.4,85.5,6.7,7.3,17.5,20.6,95.0,79.0,0.1
2021-05-14,77.8,83.9,6.2,7.4,15.5,27.2,91.4,77.0,0.71
2021-05-15,76.0,87.8,6.7,9.0,13.6,22.3,96.8,78.4,0.0
2021-05-16,75.5,89.3,6.7,8.6,15.5,22.9,96.8,81.1,0.0
2021-05-17,75.3,85.5,6.7,6.9,15.5,21.4,96.8,78.8,0.07
2021-05-18,77.8,85.0,6.7,6.8,13.6,25.3,93.2,78.1,0.47
2021-05-19,75.7,88.3,6.7,10.0,13.6,23.1,95.0,78.1,0.0
2021-05-20,74.4,89.0,6.7,9.4,13.6,19.8,95.4,82.4,0.0
2021-05-21,74.6,90.1,6.7,10.1,15.5,21.8,98.6,80.8,0.0
2021-05-22,76.2,89.4,6.7,7.6,14.6,20.6,98.6,79.0,0.0
2021-05-23,76.7,89.7,6.7,5.9,11.7,19.4,98.6,79.2,0.0
2021-05-24,76.8,83.7,6.7,4.3,9.7,17.3,95.9,77.0,0.16
2021-05-25,76.2,84.2,6.5,4.5,9.7,14.8,95.0,75.2,0.02
2021-05-26,77.4,83.8,6.4,4.9,9.7,20.6,91.4,77.0,0.76
2021-05-27,77.2,88.2,6.7,6.6,13.6,20.2,95.0,77.5,0.07
2021-05-28,76.6,89.9,6.7,8.2,11.7,19.4,96.8,78.1,0.0
2021-05-29,76.7,82.9,6.7,5.1,23.3,31.7,95.9,76.3,1.3
2021-05-30,78.8,87.4,6.6,5.1,9.7,16.7,95.0,76.3,0.11
2021-05-31,77.5,81.4,6.2,5.6,15.5,27.6,94.8,75.4,2.66
2021-06-01,76.4,78.1,4.1,4.5,11.7,22.5,90.9,75.0,3.3
2021-06-02,76.0,78.0,5.3,5.1,9.7,15.7,86.2,74.8,0.78
2021-06-03,77.9,85.8,6.5,5.5,17.5,29.1,95.0,74.8,0.49
2021-06-04,69.6,75.7,6.5,8.5,13.6,20.2,91.8,71.1,0.3
2021-06-05,69.4,80.4,6.7,3.7,7.8,11.8,87.4,71.2,0.0
2021-06-06,69.9,85.8,6.6,3.7,5.8,10.7,95.0,71.8,0.0
2021-06-07,74.0,86.3,6.7,4.2,7.8,11.1,95.0,74.7,0.0
2021-06-08,74.3,86.9,6.7,4.9,9.7,16.7,95.0,74.7,0.0
2021-06-09,75.5,87.1,6.7,5.3,7.8,12.8,95.0,76.1,0.0
2021-06-10,76.8,83.1,6.6,5.1,13.6,18.1,93.7,76.8,0.35
2021-06-11,76.5,84.8,6.7,6.1,13.6,23.3,95.0,76.6,0.0
2021-06-12,76.5,84.0,6.7,7.8,13.6,21.2,92.7,78.4,0.07
2021-06-13,77.5,81.3,6.5,5.3,29.1,999.9,89.8,75.2,0.37
2021-06-14,78.5,83.2,6.6,4.5,11.7,15.2,89.8,78.6,0.3
2021-06-15,77.0,87.6,6.7,6.4,11.7,19.8,95.0,79.5,0.0
2021-06-16,78.2,85.0,6.6,5.7,11.7,23.1,95.0,77.0,0.07
2021-06-17,77.8,88.2,6.7,7.3,15.5,20.4,96.8,79.5,0.0
2021-06-18,77.3,90.4,6.7,7.7,13.6,15.9,98.6,81.1,0.0
2021-06-19,78.5,89.9,6.4,6.5,9.7,15.5,98.6,82.4,0.0
2021-06-20,78.4,90.7,6.7,6.9,11.7,23.3,98.6,84.2,0.0
2021-06-21,76.7,86.9,6.2,7.0,17.5,25.3,97.3,73.8,3.28
2021-06-22,77.4,81.3,4.1,4.3,11.7,23.7,97.3,73.8,0.74
2021-06-23,76.0,78.7,4.4,3.1,13.6,15.2,84.7,74.8,2.32
2021-06-24,76.7,80.8,4.5,4.0,9.7,999.9,89.6,74.8,0.07
2021-06-25,78.2,83.3,5.0,5.2,13.6,20.4,93.2,78.1,0.54
2021-06-26,78.7,83.3,5.9,4.9,11.7,21.0,91.4,78.3,0.3
2021-06-27,79.6,86.3,6.3,5.3,15.5,32.2,95.0,78.6,0.04
2021-06-28,78.3,81.4,6.2,5.7,21.4,29.1,94.1,75.2,1.35
2021-06-29,79.3,85.1,6.2,5.3,9.7,18.1,91.4,77.4,2.21
2021-06-30,78.5,87.1,6.7,8.3,15.5,25.3,93.2,79.9,0.03
2021-07-01,77.6,88.8,6.7,9.5,17.5,21.2,96.8,80.6,0.0
2021-07-02,77.2,87.5,6.7,7.3,11.7,37.1,93.9,80.1,0.05
2021-07-03,79.3,86.8,6.7,6.4,19.4,999.9,96.8,80.1,0.17
2021-07-04,78.0,88.6,6.7,5.8,11.7,16.7,96.8,78.1,0.0
2021-07-05,77.1,87.3,6.7,4.9,15.5,22.9,95.7,77.0,0.01
2021-07-06,75.9,85.9,6.7,4.6,13.6,16.7,95.0,76.8,0.0
2021-07-07,77.2,84.8,6.5,6.0,11.7,23.3,93.2,77.4,0.15
2021-07-08,77.0,87.0,6.7,5.3,9.9,16.9,95.0,77.4,0.5
2021-07-09,76.6,88.9,6.7,3.8,7.8,14.4,96.3,77.2,0.0
2021-07-10,76.0,90.2,6.7,5.0,9.7,13.8,98.6,77.4,0.0
2021-07-11,75.8,90.0,6.7,6.2,9.7,16.3,98.6,77.7,0.0
2021-07-12,77.0,88.9,6.7,6.6,15.5,16.1,96.8,78.8,0.0
2021-07-13,75.6,90.3,6.7,6.2,11.7,15.5,98.6,78.3,0.0
2021-07-14,76.6,91.1,6.7,4.1,7.8,17.5,98.6,78.1,0.0
2021-07-15,76.4,88.3,6.7,4.2,13.6,16.1,98.2,78.8,0.01
2021-07-16,75.2,83.9,6.2,5.2,21.4,33.2,96.8,74.5,1.03
2021-07-17,76.2,85.7,6.0,4.1,9.7,13.4,95.5,74.5,0.0
2021-07-18,75.4,87.6,6.7,5.4,13.6,22.7,96.8,75.9,0.27
2021-07-19,76.0,83.7,6.7,6.8,13.6,17.7,94.8,77.4,0.12
2021-07-20,76.4,82.9,6.7,7.0,11.7,13.8,88.0,77.4,0.03
2021-07-21,76.4,82.0,6.7,7.2,13.6,17.1,86.0,75.6,0.04
2021-07-22,75.1,88.9,6.6,4.3,7.8,15.5,96.8,75.6,0.0
2021-07-23,75.0,91.5,6.7,5.2,9.7,13.8,100.4,77.4,0.21
2021-07-24,74.9,92.0,6.3,6.9,13.6,18.1,100.4,78.4,0.04
2021-07-25,75.2,91.8,6.6,5.5,9.7,14.0,100.4,79.5,0.0
2021-07-26,78.8,90.6,6.4,4.3,11.7,999.9,99.7,80.6,0.0
2021-07-27,76.8,92.2,6.2,5.5,7.8,13.4,102.2,80.8,0.0
2021-07-28,76.0,89.1,6.5,5.2,17.5,24.9,104.0,78.3,0.04
2021-07-29,78.0,85.7,5.4,5.4,25.3,35.0,100.6,78.3,0.28
2021-07-30,79.2,86.0,6.1,4.7,11.7,23.3,97.0,76.8,0.99
2021-07-31,77.7,87.3,6.7,5.6,19.4,29.1,95.0,76.8,0.03
2021-08-01,76.4,86.3,6.6,5.5,19.4,29.1,98.6,76.5,0.13
2021-08-02,76.6,88.8,6.1,4.3,11.7,14.4,98.6,76.3,0.01
2021-08-03,77.2,85.3,6.5,6.8,15.5,29.1,96.8,78.1,0.04
2021-08-04,78.0,85.2,6.6,5.4,13.6,14.6,95.0,78.3,0.06
2021-08-05,79.8,83.5,6.2,4.7,15.5,19.4,92.1,79.5,0.75
2021-08-06,78.7,83.5,6.2,3.8,13.6,20.0,93.2,78.1,0.08
2021-08-07,79.5,84.5,5.7,3.8,13.6,25.3,96.8,78.1,0.58
2021-08-08,80.5,85.5,4.8,4.6,13.6,14.2,95.5,78.3,0.44
2021-08-09,78.4,80.4,4.2,5.2,9.7,14.4,88.0,77.4,3.07
2021-08-10,78.7,81.5,6.6,4.1,13.6,23.9,89.6,75.2,1.74
2021-08-11,78.7,83.7,5.8,4.4,11.7,12.8,93.2,75.0,1.04
2021-08-12,78.7,86.3,6.7,5.0,17.5,18.6,95.0,75.0,0.0
2021-08-13,77.8,85.0,6.7,5.4,13.6,25.3,95.0,76.3,2.42
2021-08-14,78.9,81.9,5.5,5.2,11.7,27.2,91.4,76.3,0.06
2021-08-15,77.9,82.4,6.7,5.1,13.6,999.9,89.6,77.0,0.73
2021-08-16,79.0,85.0,6.5,4.8,9.7,999.9,93.2,78.6,0.0
2021-08-17,77.7,89.1,6.7,4.2,7.8,15.5,96.8,78.6,0.0
2021-08-18,76.5,82.0,6.6,5.0,15.5,999.9,96.6,76.8,0.0
2021-08-19,76.5,83.6,6.3,4.0,13.6,999.9,95.0,76.6,0.0
2021-08-20,77.1,88.0,6.3,4.7,9.7,15.5,95.0,76.6,0.0
2021-08-21,76.4,89.3,6.7,4.8,9.7,13.6,96.8,78.6,0.0
2021-08-22,74.8,89.4,6.7,6.9,11.7,13.6,96.8,81.5,0.0
2021-08-23,75.7,88.9,6.7,6.4,11.7,18.6,98.6,79.2,0.0
2021-08-24,77.3,87.0,6.7,6.0,11.7,18.6,95.2,78.6,0.0
2021-08-25,77.5,83.7,5.9,5.5,11.7,14.6,93.2,77.9,0.14
2021-08-26,76.6,86.8,6.7,4.8,11.7,14.6,95.0,76.3,0.05
2021-08-27,73.3,83.8,6.7,6.3,15.5,25.4,94.5,72.7,0.0
2021-08-28,74.2,83.6,6.7,4.4,13.6,22.5,95.0,72.1,0.33
2021-08-29,77.1,83.9,6.7,4.0,9.7,13.0,91.8,74.7,0.0
2021-08-30,75.9,87.4,6.7,4.4,13.6,18.3,95.0,74.5,0.0
2021-08-31,75.7,83.2,6.4,4.3,7.8,23.3,93.7,73.4,2.35
2021-09-01,76.9,83.5,6.7,5.2,10.9,20.6,93.2,75.0,0.19
2021-09-02,77.3,86.7,6.7,4.5,7.8,12.4,95.0,76.3,0.17
2021-09-03,76.1,88.4,6.7,4.3,9.7,999.9,96.8,77.5,0.0
2021-09-04,75.4,88.6,6.7,4.9,7.8,11.3,96.8,77.7,0.0
2021-09-05,75.7,87.6,6.7,4.8,13.6,14.2,98.6,77.0,0.0
2021-09-06,76.7,85.9,6.7,4.9,13.6,14.4,96.8,76.5,0.01
2021-09-07,75.0,87.2,6.7,5.2,9.7,18.8,98.6,76.3,0.0
2021-09-08,75.3,85.1,6.7,4.7,13.6,16.9,95.9,77.0,0.0
2021-09-09,76.7,89.4,6.7,4.9,7.8,999.9,98.6,77.0,0.0
2021-09-10,78.2,88.7,6.1,3.4,7.8,13.6,97.7,79.0,0.0
2021-09-11,76.8,91.2,6.5,4.6,9.7,15.5,100.4,78.4,0.0
2021-09-12,74.4,91.5,6.6,5.1,9.7,19.4,100.4,78.4,0.0
2021-09-13,76.5,90.4,6.0,5.1,11.7,12.4,99.0,77.0,0.0
2021-09-14,77.7,84.6,6.7,4.8,17.5,21.4,98.6,77.7,0.0
2021-09-15,76.5,87.0,6.7,4.1,11.7,15.5,96.1,77.5,0.0
2021-09-16,76.4,81.9,6.5,3.9,11.7,25.8,96.1,74.7,1.55
2021-09-17,76.1,84.8,5.9,4.3,13.6,23.3,95.0,74.8,0.01
2021-09-18,77.5,84.7,5.3,5.4,11.7,13.6,94.1,76.1,0.0
2021-09-19,77.6,87.6,6.7,5.7,11.7,17.5,96.8,77.0,0.54
2021-09-20,77.5,85.3,6.3,5.0,9.7,13.8,95.0,75.9,0.19
2021-09-21,75.5,86.5,6.7,3.9,9.7,10.1,96.8,75.4,0.0
2021-09-22,75.0,87.3,6.6,5.0,9.7,17.3,96.8,76.1,0.01
2021-09-23,75.8,83.2,6.7,5.2,13.6,28.7,94.1,75.9,0.52
2021-09-24,75.1,83.6,6.7,5.3,11.7,23.1,95.0,75.6,0.11
2021-09-25,75.5,86.6,6.7,4.4,7.8,10.5,95.0,75.0,0.0
2021-09-26,74.6,87.3,6.3,3.7,5.8,999.9,95.0,75.7,0.0
2021-09-27,76.1,88.5,5.9,3.6,5.8,999.9,98.6,75.6,0.0
2021-09-28,77.2,88.1,5.1,4.5,7.8,10.5,95.0,77.9,0.0
2021-09-29,76.3,89.0,5.8,4.2,10.9,21.0,96.8,77.0,0.0
2021-09-30,76.5,88.8,6.6,4.1,7.8,21.0,96.8,77.5,0.0
2021-10-01,75.8,82.9,5.3,4.3,13.6,22.1,96.8,74.7,0.02
2021-10-02,75.9,86.7,5.7,4.1,7.8,9.7,95.0,74.7,0.0
2021-10-03,75.5,84.2,6.6,4.4,9.7,18.1,96.8,73.6,0.01
2021-10-04,73.9,86.0,6.7,4.6,7.8,999.9,95.0,73.2,0.0
2021-10-05,73.3,86.8,6.5,4.9,9.7,11.3,95.0,73.9,0.0
2021-10-06,68.8,87.2,6.7,4.8,9.7,15.9,96.8,73.9,0.0
2021-10-07,71.0,88.3,6.7,7.2,13.6,20.6,96.8,74.3,0.01
2021-10-08,75.3,77.7,5.2,7.9,11.7,22.7,93.0,75.0,1.65
2021-10-09,75.6,77.7,5.1,6.7,13.6,21.6,80.6,74.7,1.2
2021-10-10,75.4,80.4,6.0,4.7,13.6,14.8,84.6,74.7,0.03
2021-10-11,64.2,77.4,6.7,14.7,23.3,31.5,86.0,68.0,0.0
2021-10-12,61.4,74.3,6.7,17.1,23.3,37.1,85.5,69.1,0.0
2021-10-13,68.1,73.1,5.8,10.1,19.4,37.1,79.2,68.0,0.31
2021-10-14,69.2,79.1,6.7,8.6,13.6,19.6,87.8,68.0,0.0
2021-10-15,67.0,72.2,6.3,8.9,11.7,19.4,87.1,68.0,0.11
2021-10-16,61.4,73.3,6.7,15.0,21.4,29.1,78.8,65.3,0.01
2021-10-17,56.3,68.9,6.7,12.4,19.4,22.9,78.8,60.8,0.01
2021-10-18,60.5,73.3,6.7,5.6,9.7,14.8,80.6,60.8,0.0
2021-10-19,66.2,78.8,5.8,3.0,5.8,999.9,87.8,63.9,0.0
2021-10-20,70.2,80.6,5.8,6.4,17.5,999.9,87.8,66.2,0.0
2021-10-21,56.8,62.9,6.7,11.0,17.5,28.4,87.1,57.2,0.12
2021-10-22,51.5,64.6,6.2,9.5,15.5,18.8,68.0,56.3,0.02
2021-10-23,54.0,64.3,6.7,8.0,11.7,14.6,66.2,57.4,0.0
2021-10-24,54.7,68.8,6.7,10.9,15.5,21.4,77.5,60.4,0.0
2021-10-25,57.0,69.9,6.7,6.6,11.7,16.9,78.8,60.8,0.0
2021-10-26,62.2,76.1,6.7,3.3,7.8,12.0,84.9,61.0,0.0
2021-10-27,61.6,79.0,6.7,6.2,11.7,14.4,86.0,65.5,0.0
2021-10-28,60.9,77.8,6.6,6.2,9.7,14.2,86.0,68.4,0.0
2021-10-29,63.0,76.1,6.5,6.8,13.6,15.3,86.0,66.2,0.0
2021-10-30,64.3,67.8,5.7,4.2,7.8,15.3,84.2,65.3,0.38
2021-10-31,64.1,70.6,5.7,4.0,9.7,11.8,77.9,65.3,0.01
2021-11-01,65.8,73.3,6.1,4.5,9.7,13.6,79.3,65.3,0.0
2021-11-02,65.2,72.3,6.6,5.0,9.7,14.4,79.3,66.9,0.0
2021-11-03,66.8,73.3,6.7,3.7,7.8,11.3,79.3,68.7,0.0
2021-11-04,70.2,78.7,4.6,4.1,9.7,10.3,86.0,70.3,0.0
2021-11-05,71.4,80.1,5.5,3.7,6.0,11.5,87.8,71.6,0.0
2021-11-06,71.1,80.6,5.8,3.9,7.8,999.9,89.6,70.0,0.0
2021-11-07,64.4,71.5,4.6,8.8,23.3,33.4,88.0,53.4,0.68
2021-11-08,40.9,60.0,6.7,13.2,21.4,33.4,85.5,52.5,0.03
2021-11-09,37.2,64.0,6.7,9.3,13.6,19.2,71.8,51.4,0.0
2021-11-10,42.6,64.6,6.7,5.9,11.7,14.2,74.1,52.0,0.0
2021-11-11,42.6,69.2,6.7,3.9,7.8,13.8,78.8,51.1,0.0
2021-11-12,45.1,68.0,6.7,7.5,11.7,15.0,77.5,56.7,0.0
2021-11-13,46.9,67.3,6.7,6.5,11.7,17.1,75.6,54.0,0.0
2021-11-14,49.7,69.1,6.7,4.0,7.8,14.2,78.8,53.4,0.0
2021-11-15,53.0,67.5,6.7,3.9,6.0,10.7,76.6,56.5,0.0
2021-11-16,55.2,69.8,6.5,4.8,9.7,13.6,77.0,55.9,0.0
2021-11-17,56.8,67.6,6.7,7.7,11.7,19.0,76.8,62.2,0.0
2021-11-18,58.7,67.9,6.7,5.1,9.7,14.6,76.8,59.0,0.0
2021-11-19,59.8,70.0,6.7,4.4,7.8,999.9,76.8,59.0,0.0
2021-11-20,65.7,74.8,5.6,4.8,11.7,15.5,83.7,63.1,0.0
2021-11-21,64.0,71.7,6.0,6.9,17.5,27.4,83.7,57.2,0.04
2021-11-22,45.0,58.3,6.5,13.2,19.4,27.4,79.3,53.8,0.07
2021-11-23,42.6,58.1,6.7,6.4,13.6,20.6,64.4,49.5,0.0
2021-11-24,43.0,62.6,6.7,4.1,7.8,13.2,71.6,49.1,0.0
2021-11-25,43.1,65.5,6.7,5.0,11.7,12.4,77.0,52.5,0.0
2021-11-26,41.1,68.0,6.7,5.7,11.7,13.6,77.7,51.8,0.0
2021-11-27,45.5,67.8,6.7,5.9,9.7,17.3,77.7,55.8,0.0
2021-11-28,50.7,69.3,6.7,5.9,11.7,14.6,78.8,56.5,0.0
2021-11-29,53.2,71.4,6.7,7.8,13.6,16.5,80.6,59.0,0.0
2021-11-30,44.5,63.2,6.0,12.3,19.2,31.5,80.6,46.4,0.0
2021-12-01,30.1,59.2,6.7,10.7,17.5,23.3,71.4,45.3,0.0
2021-12-02,30.7,59.2,6.7,5.3,9.7,14.4,70.2,43.3,0.0
2021-12-03,30.4,60.4,6.7,7.9,17.5,23.3,72.1,43.0,0.0
2021-12-04,34.4,60.5,6.7,4.1,9.7,17.5,72.1,42.3,0.0
2021-12-05,38.4,60.5,6.5,3.9,9.7,14.4,73.4,44.1,0.0
2021-12-06,36.5,62.9,6.7,6.1,13.6,14.6,73.4,45.5,0.0
2021-12-07,45.8,66.5,6.7,4.2,9.7,13.8,75.7,46.0,0.0
2021-12-08,53.7,69.0,6.4,2.7,5.8,999.9,79.7,53.1,0.0
2021-12-09,53.1,67.5,5.7,3.2,7.8,9.9,79.7,54.0,0.0
2021-12-10,54.2,67.3,5.8,3.2,5.8,999.9,77.7,52.5,0.0
2021-12-11,57.9,69.3,6.0,2.9,3.9,999.9,80.6,54.5,0.0
2021-12-12,52.6,65.9,6.4,10.5,19.4,22.7,80.2,55.4,0.0
2021-12-13,48.7,61.9,6.7,6.0,13.6,20.6,79.0,52.3,0.0
2021-12-14,54.1,66.2,6.0,3.5,7.8,12.6,76.1,52.3,0.01
2021-12-15,63.8,67.8,3.9,3.7,5.8,999.9,76.1,54.7,0.02
2021-12-16,65.2,71.2,5.3,6.3,13.6,16.7,79.0,62.8,0.04
2021-12-17,46.1,62.0,6.7,14.0,23.3,29.1,79.0,52.5,0.02
2021-12-18,34.6,58.5,6.7,10.8,15.5,23.9,71.1,50.0,0.0
2021-12-19,32.2,61.5,6.5,4.9,13.6,17.1,68.0,48.9,0.0
2021-12-20,50.2,56.3,5.6,6.2,13.6,20.2,64.6,49.5,2.0
2021-12-21,56.0,60.5,6.0,7.0,13.6,20.2,66.2,52.2,0.83
2021-12-22,49.8,64.9,6.7,5.3,9.7,17.5,72.5,54.1,0.0
2021-12-23,54.4,61.3,6.5,3.3,5.8,9.9,72.5,55.4,0.0
2021-12-24,57.6,65.4,5.8,3.8,7.8,11.3,75.4,55.0,0.0
2021-12-25,48.9,61.7,5.9,10.6,15.5,999.9,75.4,50.7,0.0
2021-12-26,41.9,49.4,6.7,12.5,17.5,21.0,71.2,42.1,0.3
2021-12-27,37.4,48.7,6.7,9.1,13.6,21.0,55.2,42.1,0.01
2021-12-28,44.0,51.5,5.7,6.0,7.8,13.8,56.5,43.7,0.0
2021-12-29,48.0,54.7,5.7,7.2,9.7,17.3,62.4,47.1,0.0
2021-12-30,43.8,60.3,6.7,8.0,11.7,17.3,67.8,51.6,0.0
2021-12-31,45.4,60.6,6.7,4.0,9.9,15.0,70.0,49.1,0.0
2022-01-01,48.3,63.3,6.3,5.3,11.7,12.4,73.4,49.1,0.0
2022-01-02,50.7,63.5,6.6,4.1,7.8,12.4,73.6,51.3,0.0
2022-01-03,54.7,65.2,5.5,2.6,5.8,999.9,77.0,52.0,0.0
2022-01-04,57.9,67.5,4.0,3.4,5.8,999.9,77.0,53.2,0.0
2022-01-05,59.5,68.0,4.9,2.7,5.8,11.7,77.0,54.5,0.0
2022-01-06,53.8,65.9,6.1,5.0,9.7,19.4,75.6,54.9,0.0
2022-01-07,48.8,61.6,6.7,7.1,11.7,13.4,74.3,52.2,0.0
2022-01-08,51.2,62.9,6.2,3.4,5.8,13.2,71.6,51.4,0.0
2022-01-09,51.8,58.8,6.5,5.8,11.7,14.6,70.2,53.1,0.0
2022-01-10,51.9,56.6,6.4,7.4,15.5,21.8,64.9,51.8,0.12
2022-01-11,40.3,54.6,6.7,9.3,21.4,25.3,64.9,48.2,0.02
2022-01-12,42.0,56.2,6.0,4.2,7.8,9.9,63.0,48.2,0.0
2022-01-13,42.1,57.4,6.4,6.8,11.7,14.6,64.4,48.9,0.0
2022-01-14,44.8,56.9,6.0,3.5,5.8,14.6,63.1,51.8,0.0
2022-01-15,54.2,61.4,3.4,3.1,5.8,999.9,67.5,53.1,0.0
2022-01-16,56.0,63.2,4.2,5.7,9.7,11.8,72.3,56.5,0.0
2022-01-17,50.8,57.6,6.3,8.1,11.7,18.3,72.3,52.2,0.0
2022-01-18,49.2,56.4,6.6,5.5,11.7,17.3,64.9,48.2,0.01
2022-01-19,46.6,57.0,6.7,5.7,11.7,14.4,68.0,45.9,0.0
2022-01-20,50.3,61.5,6.7,3.2,5.8,10.5,72.0,45.9,0.0
2022-01-21,54.6,66.1,6.0,2.6,5.8,11.7,73.4,51.8,0.0
2022-01-22,61.6,66.0,3.8,2.9,5.8,999.9,73.2,52.7,0.01
2022-01-23,64.5,67.5,4.0,2.6,7.8,999.9,72.0,61.2,0.07
2022-01-24,55.8,58.4,5.0,6.8,11.7,17.1,70.3,53.6,0.18
2022-01-25,56.3,61.3,6.4,4.0,6.2,17.1,66.9,54.3,0.0
2022-01-26,59.4,64.3,6.0,2.6,5.8,10.1,70.3,55.2,0.0
2022-01-27,62.3,70.0,6.3,4.2,7.8,19.4,79.0,56.7,0.0
2022-01-28,53.5,62.4,6.7,7.6,11.7,15.7,79.0,55.4,0.0
2022-01-29,45.5,51.1,6.7,10.4,15.5,22.5,71.2,45.9,0.03
2022-01-30,39.4,49.8,6.7,10.5,15.5,22.5,59.7,44.6,0.0
2022-01-31,44.2,46.4,5.3,6.2,11.7,16.7,59.4,43.3,0.45
2022-02-01,46.6,49.8,6.3,7.1,11.7,16.5,53.6,43.3,0.75
2022-02-02,47.0,48.9,6.1,7.2,11.7,17.9,51.8,45.5,1.02
2022-02-03,44.6,49.8,6.6,8.9,11.7,17.3,51.8,45.0,0.38
2022-02-04,40.4,50.4,6.7,9.5,13.6,17.9,59.5,44.1,0.0
2022-02-05,42.4,52.2,6.7,6.4,11.7,17.7,59.5,44.1,0.0
2022-02-06,48.7,54.6,7.2,3.5,7.8,12.6,60.4,46.2,0.0
2022-02-07,53.2,56.7,5.6,6.6,11.7,14.8,61.0,50.0,0.07
2022-02-08,44.0,49.9,6.7,8.3,13.6,18.8,61.0,47.3,0.0
2022-02-09,45.2,49.3,6.7,6.0,11.7,16.7,57.4,47.3,0.0
2022-02-10,50.8,51.9,5.2,3.4,5.8,16.1,57.9,47.7,0.01
2022-02-11,56.3,61.9,6.0,4.8,9.7,14.8,74.5,48.2,0.01
2022-02-12,52.5,59.0,6.7,7.9,11.7,17.1,74.5,53.6,0.0
2022-02-13,48.7,52.6,6.7,8.0,13.6,20.6,72.7,49.6,0.11
2022-02-14,47.9,59.6,6.7,5.5,9.7,16.1,71.4,49.6,0.0
2022-02-15,50.4,62.1,6.7,4.4,9.7,15.2,71.8,51.1,0.0
2022-02-16,56.3,62.9,5.6,4.8,5.8,10.7,71.8,53.4,0.07
2022-02-17,58.6,59.9,4.1,4.9,9.7,14.0,69.3,56.7,0.18
2022-02-18,53.7,55.7,5.0,8.7,17.5,20.2,63.7,48.2,0.06
2022-02-19,43.5,45.5,5.1,14.6,19.4,28.7,63.7,41.4,2.45
2022-02-20,40.9,43.1,5.2,11.3,19.4,28.7,46.4,40.1,1.8
2022-02-21,42.6,44.4,5.5,8.5,11.7,19.4,46.4,39.9,0.8
2022-02-22,43.5,45.8,5.4,8.8,11.7,21.0,48.4,40.5,0.13
2022-02-23,39.3,48.7,6.7,11.7,17.5,23.3,57.4,41.9,0.0
2022-02-24,40.7,52.5,6.7,5.7,9.7,19.0,61.9,41.9,0.0
2022-02-25,44.9,57.1,6.7,3.5,9.7,11.5,67.3,44.1,0.0
2022-02-26,50.7,63.3,5.6,2.9,5.8,999.9,75.9,45.0,0.0
2022-02-27,54.3,67.4,5.7,5.0,11.7,16.5,78.8,47.1,0.0
2022-02-28,59.5,70.7,6.7,4.6,9.7,14.0,78.8,52.5,0.0
2022-03-01,61.2,72.8,5.8,4.9,11.7,12.0,80.6,59.2,0.0
2022-03-02,61.2,73.2,6.2,5.2,9.7,13.2,82.9,61.3,0.0
2022-03-03,61.6,71.4,5.6,4.3,9.7,13.0,82.9,58.5,0.0
2022-03-04,63.0,73.9,5.0,3.2,5.8,12.6,84.2,58.3,0.0
2022-03-05,65.0,76.1,4.6,5.9,11.7,13.2,86.0,60.1,0.0
2022-03-06,60.7,72.3,6.4,6.6,15.5,999.9,84.0,64.0,0.44
2022-03-07,46.2,65.8,6.7,10.1,17.5,30.5,79.2,48.7,0.13
2022-03-08,44.3,64.6,6.7,4.6,11.7,13.2,75.2,47.8,0.0
2022-03-09,49.9,66.7,6.7,3.9,7.8,13.2,78.8,47.1,0.0
2022-03-10,56.8,71.5,6.7,3.7,9.7,12.8,82.4,51.4,0.0
2022-03-11,60.9,72.6,6.7,3.6,5.8,11.7,82.4,57.2,0.0
2022-03-12,62.2,75.6,6.4,4.7,9.7,14.8,86.0,59.0,0.0
2022-03-13,65.8,77.8,6.7,3.7,5.8,13.6,86.0,62.1,0.0
2022-03-14,67.3,78.2,6.5,2.8,3.9,999.9,86.2,64.8,0.0
2022-03-15,67.7,79.1,5.2,4.4,9.7,14.0,87.8,64.4,0.0
2022-03-16,67.7,76.0,6.7,5.0,7.8,14.0,87.3,67.1,0.0
2022-03-17,71.1,76.5,5.0,4.4,7.8,13.0,84.2,68.4,0.43
2022-03-18,67.4,76.9,6.0,5.0,11.7,14.0,84.7,68.0,0.0
2022-03-19,69.0,77.9,6.2,6.9,11.7,16.1,86.0,69.3,0.0
2022-03-20,69.8,74.5,5.7,5.3,9.7,15.7,82.8,70.2,0.13
2022-03-21,72.6,77.9,5.7,6.3,9.7,15.3,82.4,70.3,0.0
2022-03-22,64.7,69.1,6.1,9.8,13.6,25.1,85.1,55.2,0.43
2022-03-23,54.3,56.2,6.0,6.1,13.6,25.1,85.1,53.8,1.13
2022-03-24,59.2,59.5,3.7,2.7,5.8,9.9,63.7,54.3,1.38
2022-03-25,72.0,72.6,3.3,3.0,7.8,11.5,77.4,55.9,1.76
2022-03-26,67.1,72.7,5.6,8.5,17.5,19.0,89.6,63.9,0.41
2022-03-27,56.2,63.2,6.5,8.9,13.6,21.2,86.4,56.1,0.74
2022-03-28,56.9,61.1,6.7,4.2,7.8,16.1,72.3,56.1,0.17
2022-03-29,61.1,65.4,6.7,2.9,5.8,999.9,68.0,56.1,0.0
2022-03-30,68.0,73.0,6.0,2.7,5.8,999.9,81.5,60.4,0.0
2022-03-31,67.1,77.0,5.7,7.2,17.5,21.0,86.2,64.6,0.04
2022-04-01,53.5,60.5,6.6,12.7,17.5,24.1,86.2,53.6,0.02
2022-04-02,42.1,60.4,6.6,10.4,17.5,22.5,64.4,52.9,0.01
2022-04-03,42.3,66.9,6.7,4.7,10.1,21.2,77.9,50.2,0.0
2022-04-04,48.3,70.2,6.6,3.2,7.8,10.7,82.4,49.6,0.0
2022-04-05,54.5,72.9,6.4,3.8,5.8,12.0,84.2,53.2,0.0
2022-04-06,58.8,77.4,6.1,3.7,5.8,12.4,87.8,58.1,0.0
2022-04-07,54.9,76.6,6.5,5.2,11.7,17.1,87.8,60.8,99.99
2022-04-08,57.3,76.7,5.9,3.9,5.8,13.2,87.8,60.1,0.0
2022-04-09,58.3,76.6,6.7,3.7,5.8,13.2,87.8,60.4,0.0
2022-04-10,56.8,78.6,6.7,3.8,7.8,10.1,89.6,60.1,0.0
2022-04-11,66.3,79.7,6.7,3.7,7.8,13.6,89.6,63.1,0.0
2022-04-12,68.8,81.6,6.7,6.5,9.7,14.2,91.4,67.5,99.99
2022-04-13,65.2,76.0,6.7,8.2,13.6,20.6,86.7,63.9,0.0
2022-04-14,60.6,77.2,6.7,6.9,11.7,20.6,86.5,63.9,0.0
2022-04-15,63.0,78.2,6.7,6.2,9.7,15.7,86.5,68.2,0.0
2022-04-16,61.8,66.9,6.1,7.3,11.7,15.7,84.2,59.7,0.04
2022-04-17,59.4,63.4,6.4,5.8,9.7,999.9,75.0,59.7,0.06
2022-04-18,59.0,60.9,5.5,5.6,9.7,999.9,70.9,58.1,0.34
2022-04-19,60.5,62.6,6.0,3.5,7.8,999.9,66.2,57.6,0.5
2022-04-20,64.4,70.0,5.2,2.9,5.8,999.9,75.2,57.9,0.0
2022-04-21,68.1,77.6,4.0,4.1,7.8,999.9,84.4,62.1,0.0
2022-04-22,72.6,78.2,5.8,5.2,7.8,999.9,86.0,69.8,0.04
2022-04-23,73.9,76.8,4.9,4.1,11.7,999.9,86.0,69.8,4.74
2022-04-24,75.8,80.7,5.9,6.6,15.5,999.9,87.8,69.8,0.27
2022-04-25,76.1,83.3,6.7,7.9,13.6,999.9,91.4,74.7,0.0
2022-04-26,76.3,82.6,6.7,6.2,13.6,999.9,89.6,76.8,0.0
2022-04-27,75.8,84.4,6.7,6.2,11.7,999.9,91.4,76.5,0.0
2022-04-28,76.9,83.3,6.7,7.0,11.7,999.9,91.4,74.3,0.06
2022-04-29,72.4,79.7,6.7,5.4,11.7,999.9,91.4,71.6,0.0
2022-04-30,69.0,74.7,6.0,7.6,13.6,999.9,86.9,62.6,0.43
2022-05-01,59.4,61.1,5.4,9.6,13.6,999.9,83.8,56.7,2.48
2022-05-02,56.5,66.0,6.7,6.8,13.6,999.9,73.4,56.7,0.07
2022-05-03,58.0,72.6,6.7,4.0,7.8,999.9,82.4,57.6,0.0
2022-05-04,61.3,76.3,6.6,3.1,5.8,999.9,86.0,60.1,0.0
2022-05-05,67.4,79.5,6.2,2.8,7.8,999.9,87.8,63.9,0.0
2022-05-06,69.3,81.8,6.2,3.6,5.8,999.9,91.4,66.9,0.0
2022-05-07,73.4,74.7,3.8,3.0,5.8,999.9,87.4,71.1,0.54
2022-05-08,70.5,74.0,5.6,3.9,5.8,999.9,80.4,68.9,0.11
2022-05-09,71.7,78.8,6.6,4.0,9.7,999.9,84.2,68.9,0.0
2022-05-10,75.9,77.5,5.7,4.8,9.7,999.9,83.1,70.7,0.72
2022-05-11,75.5,76.9,6.0,5.4,17.5,999.9,82.4,73.4,0.56
2022-05-12,74.2,74.4,5.7,3.6,11.7,999.9,79.3,73.4,3.2
2022-05-13,71.8,72.7,5.7,5.3,11.7,999.9,79.3,69.8,1.55
2022-05-14,71.8,73.5,5.4,4.5,9.7,999.9,77.0,69.4,1.99
2022-05-15,64.8,69.2,5.8,10.3,15.5,999.9,77.0,62.6,0.31
2022-05-16,60.2,67.9,6.3,8.2,15.5,999.9,75.9,58.8,0.1
2022-05-17,62.0,74.3,6.7,3.4,7.8,999.9,86.0,58.1,0.0
2022-05-18,64.6,78.5,6.7,2.7,3.9,999.9,85.3,62.6,0.0
2022-05-19,67.7,81.1,6.7,3.6,5.8,999.9,87.8,69.1,0.0
2022-05-20,71.8,83.6,6.1,4.2,7.8,999.9,91.4,71.8,0.0
2022-05-21,73.8,78.2,4.8,5.5,9.7,999.9,91.0,71.6,1.21
2022-05-22,73.7,75.2,4.8,5.1,7.8,999.9,84.9,71.6,0.27
2022-05-23,74.9,76.2,4.7,4.7,7.8,999.9,82.8,72.0,0.06
2022-05-24,76.8,81.1,6.0,3.7,5.8,999.9,87.8,72.5,0.0
2022-05-25,77.7,81.4,5.5,3.6,7.8,999.9,87.8,76.1,0.11
2022-05-26,76.9,84.4,6.7,4.8,9.7,999.9,91.4,77.0,0.0
2022-05-27,78.2,79.4,5.3,4.1,15.5,999.9,87.8,76.1,1.0
2022-05-28,78.4,84.8,6.6,7.1,11.7,999.9,93.2,76.1,0.07
2022-05-29,79.0,84.4,6.6,5.6,13.6,999.9,91.4,78.6,0.1
2022-05-30,77.7,86.1,6.7,5.2,11.7,999.9,95.0,77.5,0.0
2022-05-31,78.2,82.8,6.6,5.4,9.7,999.9,93.2,77.4,0.0
2022-06-01,78.8,82.4,6.5,4.5,9.7,999.9,89.4,75.2,1.57
2022-06-02,78.9,83.7,6.7,7.3,11.7,999.9,91.4,75.9,0.57
2022-06-03,79.9,83.8,6.6,7.2,17.5,999.9,93.2,77.7,0.38
2022-06-04,79.4,87.0,6.7,8.3,13.6,19.4,95.0,78.4,0.01
2022-06-05,78.5,87.2,7.2,8.0,11.7,999.9,93.2,81.3,0.0
2022-06-06,77.7,81.0,6.1,4.7,11.7,999.9,91.4,74.5,0.99
2022-06-07,76.9,78.4,5.7,5.0,13.6,27.2,89.1,73.9,1.9
2022-06-08,77.1,80.5,6.0,6.3,13.6,999.9,86.0,73.9,0.02
2022-06-09,77.0,77.9,4.6,5.1,13.6,999.9,84.2,75.0,2.98
2022-06-10,78.5,81.3,6.4,4.2,9.7,999.9,87.8,75.0,0.12
2022-06-11,78.3,81.2,6.0,5.5,15.5,999.9,87.8,77.2,0.2
2022-06-12,79.0,81.8,6.5,5.1,13.6,999.9,91.4,75.0,0.46
2022-06-13,79.1,82.1,5.9,6.2,19.4,35.0,91.4,75.0,2.29
2022-06-14,77.1,77.9,6.2,4.2,11.7,23.3,90.7,75.2,0.82
2022-06-15,76.1,78.0,5.6,3.4,17.5,999.9,86.9,73.4,1.28
2022-06-16,78.8,81.2,4.9,4.5,11.7,999.9,87.8,73.6,0.14
2022-06-17,78.7,84.9,6.7,8.6,17.5,999.9,89.6,75.9,0.0
2022-06-18,79.6,83.7,6.5,8.3,13.6,999.9,89.6,77.7,0.52
2022-06-19,80.5,84.0,6.0,7.5,11.7,999.9,91.4,77.7,0.13
2022-06-20,79.7,83.8,6.6,7.4,11.7,19.4,87.8,80.1,0.6
2022-06-21,79.8,83.1,6.7,5.9,9.7,999.9,86.0,80.6,0.0
2022-06-22,78.2,86.6,6.7,7.3,11.7,999.9,95.0,80.2,0.0
2022-06-23,77.0,87.5,6.7,5.8,9.7,17.5,96.8,76.5,0.0
2022-06-24,76.4,88.4,6.7,5.1,9.7,999.9,96.8,76.1,0.0
2022-06-25,76.0,88.1,6.7,6.8,13.6,999.9,98.6,76.5,0.0
2022-06-26,77.1,85.5,6.7,5.3,9.7,19.4,95.0,77.0,0.13
2022-06-27,79.1,86.7,6.7,6.8,15.5,25.3,95.0,77.9,0.0
2022-06-28,77.1,88.4,6.7,5.1,7.8,999.9,96.8,76.5,0.0
2022-06-29,78.4,87.8,6.7,5.4,13.6,999.9,98.6,76.1,0.0
2022-06-30,77.7,84.4,6.7,6.1,15.5,25.3,96.4,77.2,0.08
2022-07-01,76.3,83.7,6.7,10.0,13.6,999.9,91.4,76.6,0.28
2022-07-02,77.8,78.9,5.3,11.3,15.5,21.4,88.5,76.1,3.0
2022-07-03,80.0,81.4,5.0,11.2,19.4,27.2,86.0,76.6,1.22
2022-07-04,80.7,81.5,6.2,7.0,13.6,999.9,84.2,78.4,0.56
2022-07-05,81.5,83.7,6.5,5.3,9.7,999.9,87.8,79.0,0.06
2022-07-06,79.3,81.9,6.5,4.9,9.7,999.9,86.9,78.8,0.01
2022-07-07,78.6,80.0,6.4,5.2,9.7,13.6,89.6,75.2,1.51
2022-07-08,79.5,85.2,6.5,4.5,9.7,999.9,95.0,77.2,0.0
2022-07-09,79.0,87.4,6.7,4.3,7.8,999.9,95.0,77.4,0.2
2022-07-10,78.5,88.7,6.7,4.9,9.7,999.9,98.6,77.2,0.0
2022-07-11,76.5,89.5,6.7,5.0,9.7,999.9,98.6,76.5,0.0
2022-07-12,75.7,89.3,6.7,4.6,9.7,999.9,98.6,76.1,0.0
2022-07-13,75.2,89.6,6.7,3.7,5.8,999.9,98.6,76.5,0.0
2022-07-14,77.2,90.2,6.7,5.2,7.8,17.5,98.6,76.8,0.0
2022-07-15,78.6,86.2,6.7,4.7,15.5,25.3,100.4,77.9,1.2
2022-07-16,78.6,90.8,6.7,8.7,11.7,999.9,98.6,77.9,0.0
2022-07-17,79.8,89.2,6.7,6.1,11.7,999.9,96.8,83.3,0.02
2022-07-18,81.1,87.9,6.7,5.9,11.7,999.9,95.0,82.4,0.0
2022-07-19,78.7,89.1,6.7,7.0,11.7,999.9,98.6,78.8,0.04
2022-07-20,77.7,89.2,6.7,7.1,13.6,999.9,100.4,78.1,0.0
2022-07-21,77.2,90.9,6.7,5.2,9.7,999.9,100.4,77.5,0.0
2022-07-22,75.8,92.4,6.7,3.6,5.8,999.9,102.2,77.4,0.0
2022-07-23,76.8,93.4,6.7,4.3,7.8,15.5,102.2,78.8,0.0
2022-07-24,77.3,93.9,6.7,3.9,7.8,13.6,104.0,80.6,0.0
2022-07-25,78.9,94.6,6.6,4.9,9.7,999.9,104.0,80.2,0.0
2022-07-26,78.3,92.9,6.6,6.0,9.7,999.9,104.0,82.6,0.0
2022-07-27,77.5,92.2,6.7,4.8,9.7,13.6,102.2,79.9,0.0
2022-07-28,78.0,93.4,6.7,4.4,7.8,999.9,102.2,79.7,0.0
2022-07-29,76.0,94.1,6.5,5.4,9.7,21.4,104.0,80.1,0.0
2022-07-30,76.4,83.4,6.4,5.0,27.2,42.7,100.4,75.2,0.04
2022-07-31,75.6,90.9,6.7,4.0,7.8,13.6,100.4,75.2,0.0
2022-08-01,75.4,92.6,7.2,4.0,7.8,999.9,102.2,78.6,0.0
2022-08-02,74.9,91.6,6.7,5.3,9.7,999.9,100.4,78.1,0.23
2022-08-03,77.9,82.7,6.0,4.5,11.7,999.9,99.9,77.2,0.09
2022-08-04,78.0,80.7,5.1,8.5,17.5,999.9,91.4,76.8,1.22
2022-08-05,77.0,83.7,6.7,7.4,13.6,999.9,93.2,76.3,0.02
2022-08-06,78.2,84.1,6.7,5.3,13.6,999.9,96.8,75.2,0.11
2022-08-07,75.8,89.1,6.7,5.3,7.8,999.9,98.6,75.0,0.0
2022-08-08,76.2,83.8,6.5,5.3,23.3,999.9,98.6,75.4,0.63
2022-08-09,76.0,81.7,6.5,7.5,15.5,999.9,94.5,75.4,0.67
2022-08-10,77.6,80.8,6.2,8.8,19.4,999.9,87.8,75.4,2.09
2022-08-11,78.3,79.8,5.8,5.0,11.7,999.9,87.6,74.5,0.48
2022-08-12,77.5,78.2,6.4,4.4,9.7,999.9,86.0,73.9,0.63
2022-08-13,78.3,83.2,6.1,3.6,9.7,999.9,89.8,73.9,0.0
2022-08-14,77.9,88.3,6.2,3.8,7.8,999.9,95.0,76.5,0.0
2022-08-15,77.4,91.0,6.7,3.9,7.8,999.9,100.4,78.1,0.0
2022-08-16,77.6,87.3,6.7,4.5,13.6,999.9,98.6,77.4,0.0
2022-08-17,77.2,84.6,6.7,5.7,13.6,999.9,95.0,76.6,0.0
2022-08-18,78.6,85.0,6.7,4.0,7.8,999.9,91.9,76.6,0.0
2022-08-19,78.3,85.0,6.7,5.7,25.3,999.9,95.0,76.8,0.04
2022-08-20,77.6,81.1,6.5,5.6,17.5,25.3,93.0,76.5,0.79
2022-08-21,78.8,82.7,6.6,3.9,11.7,21.4,93.2,76.5,0.0
2022-08-22,78.4,87.9,6.7,3.3,7.8,19.4,95.4,77.7,0.0
2022-08-23,79.5,91.6,6.7,3.8,7.8,999.9,100.4,77.7,0.0
2022-08-24,76.3,90.6,6.7,9.5,15.5,25.3,100.4,76.6,0.13
2022-08-25,75.9,80.0,6.3,8.8,15.5,25.3,97.2,75.0,0.79
2022-08-26,80.0,83.9,6.7,4.5,9.7,999.9,93.2,75.0,0.09
2022-08-27,78.3,87.6,6.7,3.4,5.8,999.9,95.2,77.0,0.0
2022-08-28,79.3,90.5,6.5,4.7,11.7,13.6,100.4,77.5,0.0
2022-08-29,79.9,87.4,6.3,4.2,7.8,999.9,96.6,79.3,0.0
2022-08-30,78.1,83.8,6.3,4.9,13.6,999.9,91.9,76.3,0.26
2022-08-31,79.1,86.1,6.6,5.3,11.7,999.9,93.7,76.1,0.17
2022-09-01,75.1,84.3,6.3,8.9,13.6,999.9,93.7,76.5,0.0
2022-09-02,69.2,84.1,6.7,10.8,15.5,25.3,91.4,73.6,0.0
2022-09-03,66.2,85.1,6.7,8.7,15.5,21.4,93.2,72.9,0.0
2022-09-04,66.8,86.5,6.7,8.5,15.5,999.9,93.2,74.1,0.0
2022-09-05,67.9,86.0,6.7,5.5,11.7,999.9,93.2,72.0,0.0
2022-09-06,69.3,87.7,6.7,6.8,11.7,999.9,95.0,73.0,0.0
2022-09-07,76.6,87.1,6.7,6.2,9.7,999.9,95.0,77.2,0.0
2022-09-08,77.3,82.6,6.3,5.2,15.5,27.2,94.6,74.5,1.33
2022-09-09,76.4,85.5,6.7,4.0,9.7,999.9,94.6,74.5,0.0
2022-09-10,76.4,87.0,6.6,3.8,7.8,999.9,96.8,74.7,0.0
2022-09-11,73.8,87.0,5.9,4.0,9.7,999.9,95.7,73.6,0.0
2022-09-12,68.2,87.5,6.7,6.2,13.6,999.9,96.8,73.2,0.0
2022-09-13,68.6,88.7,6.7,4.6,9.7,999.9,98.6,72.5,0.0
2022-09-14,67.8,87.2,6.7,5.3,13.6,19.4,96.8,72.1,0.0
2022-09-15,66.2,86.9,6.7,4.7,7.8,17.5,95.4,71.8,0.0
2022-09-16,70.8,87.7,6.6,4.4,7.8,999.9,96.8,72.1,0.0
2022-09-17,74.2,89.7,5.5,3.9,7.8,999.9,98.6,74.5,0.0
2022-09-18,74.6,89.1,5.3,4.9,33.0,44.7,100.4,75.2,0.0
2022-09-19,75.4,88.3,5.7,3.9,7.8,999.9,98.6,77.2,0.2
2022-09-20,74.1,85.4,6.3,5.3,15.5,999.9,96.8,76.8,0.0
2022-09-21,74.8,84.6,6.7,4.9,7.8,999.9,93.4,74.1,0.0
2022-09-22,75.2,84.3,6.5,4.2,9.7,999.9,93.2,74.1,0.0
2022-09-23,73.3,85.9,6.3,6.1,9.7,999.9,93.2,74.5,0.0
2022-09-24,72.7,85.3,6.4,4.7,7.8,999.9,93.2,73.6,0.0
2022-09-25,73.4,85.9,6.3,4.0,7.8,999.9,95.0,73.2,0.0
2022-09-26,71.8,86.7,6.7,5.1,9.7,999.9,96.8,73.0,0.0
2022-09-27,74.5,87.6,6.7,5.8,13.6,999.9,95.0,73.8,0.0
2022-09-28,74.4,87.0,6.7,5.3,9.7,999.9,96.8,73.9,0.0
2022-09-29,75.3,86.9,6.7,5.9,9.7,999.9,95.0,73.9,0.0
2022-09-30,76.2,81.0,6.7,5.8,13.6,25.3,92.1,74.5,0.06
2022-10-01,77.2,82.9,6.7,4.7,19.4,999.9,91.4,74.1,0.07
2022-10-02,77.6,85.1,6.7,4.9,7.8,999.9,93.2,74.1,0.57
2022-10-03,77.4,86.0,6.7,3.2,7.8,999.9,95.0,73.9,0.1
2022-10-04,77.6,88.3,6.6,3.5,5.8,999.9,98.6,73.6,0.0
2022-10-05,76.4,86.6,6.3,5.3,9.7,999.9,95.7,75.2,0.17
2022-10-06,75.0,85.7,6.7,4.8,9.7,999.9,95.0,74.5,0.0
2022-10-07,68.3,78.7,6.7,9.2,11.7,999.9,91.9,68.7,0.0
2022-10-08,67.8,78.6,6.7,6.2,11.7,999.9,87.4,68.0,0.0
2022-10-09,62.7,75.8,6.7,14.6,21.4,999.9,86.7,66.4,0.0
2022-10-10,48.3,72.9,6.7,12.6,21.4,27.2,86.2,61.5,0.0
2022-10-11,45.1,73.2,6.7,7.9,13.6,999.9,82.4,57.2,0.0
2022-10-12,48.8,74.7,6.7,7.1,13.6,999.9,84.2,57.2,0.0
2022-10-13,54.9,78.9,6.7,6.9,13.6,999.9,87.8,58.6,0.0
2022-10-14,55.3,79.7,6.2,9.0,13.6,19.4,87.8,63.5,0.0
2022-10-15,55.2,80.2,6.7,9.5,15.5,999.9,89.6,64.8,0.0
2022-10-16,55.9,82.9,6.7,11.6,15.5,25.3,89.6,69.8,0.0
2022-10-17,52.0,81.0,6.2,15.9,21.4,999.9,89.4,67.3,0.02
2022-10-18,45.0,74.7,6.2,14.5,19.4,27.2,83.7,65.3,0.0
2022-10-19,46.5,73.0,6.7,7.1,13.6,999.9,78.8,63.9,0.0
2022-10-20,56.3,76.4,6.7,3.9,9.7,999.9,86.0,63.5,0.0
2022-10-21,62.9,79.7,6.2,3.2,7.8,999.9,91.4,63.3,0.0
2022-10-22,55.7,81.3,6.4,6.1,15.5,999.9,95.0,64.4,0.0
2022-10-23,61.4,83.3,6.7,6.9,13.6,999.9,93.2,65.7,0.0
2022-10-24,65.6,80.7,6.7,4.3,7.8,999.9,92.8,66.6,0.0
2022-10-25,64.7,77.9,6.7,5.4,9.7,999.9,88.7,63.3,0.0
2022-10-26,64.9,77.3,6.7,4.2,5.8,999.9,86.0,62.8,0.0
2022-10-27,66.2,79.3,6.7,4.5,11.7,999.9,89.6,64.0,0.0
2022-10-28,61.3,78.4,6.7,9.2,15.5,999.9,87.8,67.5,0.0
2022-10-29,61.8,75.7,6.7,12.8,17.5,27.2,86.4,67.6,0.0
2022-10-30,60.4,76.3,6.7,12.2,21.4,999.9,84.2,67.6,0.0
2022-10-31,56.2,76.9,6.7,15.9,23.3,33.0,84.2,68.5,0.0
2022-11-01,56.1,76.1,6.7,15.4,23.3,33.0,82.4,67.5,0.01
2022-11-02,62.2,66.7,6.4,11.3,15.5,999.9,79.2,62.8,0.06
2022-11-03,66.0,67.7,5.4,7.4,11.7,999.9,71.6,63.0,0.25
2022-11-04,63.4,66.6,5.9,10.1,13.6,999.9,71.6,61.9,0.21
2022-11-05,60.8,65.4,6.7,7.5,13.6,999.9,71.8,60.6,0.19
2022-11-06,63.8,66.7,6.4,2.8,5.8,999.9,71.8,60.6,0.27
2022-11-07,66.1,68.7,6.1,3.6,7.8,999.9,71.8,61.2,0.19
2022-11-08,69.1,70.1,4.6,3.0,5.8,999.9,73.4,65.7,0.61
2022-11-09,70.2,75.1,6.2,2.9,5.8,999.9,82.4,66.0,0.0
2022-11-10,70.8,75.3,3.1,2.7,5.8,999.9,84.2,66.2,0.0
2022-11-11,70.6,76.9,2.9,2.4,5.8,999.9,87.8,65.8,0.0
2022-11-12,70.2,76.1,3.1,2.5,5.8,999.9,86.9,65.3,0.0
2022-11-13,71.1,80.0,5.4,2.9,3.9,999.9,89.6,66.0,0.0
2022-11-14,67.2,76.5,6.1,4.5,9.7,999.9,88.5,68.5,0.0
2022-11-15,66.9,75.8,6.1,3.9,7.8,999.9,84.2,69.6,0.0
2022-11-16,70.0,75.3,4.9,4.1,5.8,999.9,82.4,69.8,99.99
2022-11-17,71.0,76.3,4.9,3.9,5.8,999.9,82.4,69.8,0.0
2022-11-18,70.7,77.6,5.1,3.4,5.8,999.9,89.6,67.5,0.0
2022-11-19,68.7,77.3,6.1,6.2,9.7,999.9,86.2,68.0,0.0
2022-11-20,66.2,76.1,6.7,4.5,9.7,999.9,86.2,67.3,0.0
2022-11-21,69.9,78.2,6.6,5.7,9.7,999.9,86.0,66.9,0.0
2022-11-22,72.8,73.2,4.4,4.0,7.8,999.9,84.4,69.4,0.46
2022-11-23,68.6,70.3,6.0,5.3,9.7,999.9,74.1,67.6,0.5
2022-11-24,66.5,66.7,5.3,4.5,9.7,999.9,72.5,66.2,0.53
2022-11-25,67.2,67.3,3.7,3.8,9.7,999.9,69.8,66.2,1.2
2022-11-26,68.9,70.0,5.6,3.2,5.8,999.9,72.3,66.2,0.41
2022-11-27,71.8,72.6,4.5,4.3,7.8,999.9,73.4,66.6,0.02
2022-11-28,75.8,79.2,5.7,6.1,13.6,999.9,86.0,69.4,0.0
2022-11-29,72.0,77.4,6.4,6.8,15.5,999.9,86.0,64.4,0.0
2022-11-30,50.0,58.2,6.7,15.1,17.5,999.9,83.1,50.7,0.0
2022-12-01,43.0,50.8,6.7,12.5,17.5,999.9,63.9,46.0,0.0
2022-12-02,45.3,53.6,6.7,8.1,13.6,999.9,60.1,44.6,0.0
2022-12-03,53.7,61.1,6.7,5.7,9.7,999.9,67.1,47.1,0.0
2022-12-04,51.0,59.1,6.7,10.4,13.6,999.9,67.1,52.7,0.0
2022-12-05,44.8,54.3,6.7,12.0,15.5,999.9,66.6,50.4,0.0
2022-12-06,46.6,55.4,6.7,7.4,11.7,999.9,60.8,50.4,0.0
2022-12-07,50.9,60.3,6.7,5.6,9.7,999.9,69.6,50.5,0.0
2022-12-08,51.4,62.0,6.7,5.9,9.7,999.9,72.7,52.2,0.0
2022-12-09,51.1,61.9,6.7,8.5,13.6,21.4,72.7,54.7,0.0
2022-12-10,45.6,61.6,6.7,10.4,15.5,999.9,71.6,51.6,0.0
2022-12-11,43.8,58.8,6.7,11.3,15.5,999.9,71.1,52.7,0.0
2022-12-12,42.0,56.9,6.1,14.4,23.3,27.2,64.8,50.5,0.0
2022-12-13,40.6,56.1,6.1,10.6,15.5,999.9,64.8,48.4,0.01
2022-12-14,43.9,54.7,6.7,9.0,15.5,999.9,61.9,48.4,0.01
2022-12-15,52.4,55.9,4.6,3.5,7.8,999.9,60.8,48.4,0.28
2022-12-16,51.3,58.0,5.9,12.4,19.4,25.3,62.6,52.2,0.28
2022-12-17,33.9,53.2,6.7,14.5,23.3,33.0,60.1,46.4,0.0
2022-12-18,23.1,50.0,6.7,9.2,19.4,999.9,59.0,41.0,0.0
2022-12-19,33.4,53.6,6.7,3.6,7.8,999.9,66.2,39.7,0.0
2022-12-20,40.5,60.8,6.7,5.8,11.7,999.9,69.8,42.1,0.0
2022-12-21,37.5,58.8,6.7,7.1,13.6,999.9,68.7,41.5,0.0
2022-12-22,37.7,59.5,6.7,4.9,11.7,999.9,71.6,39.7,0.0
2022-12-23,37.4,59.6,6.7,5.0,9.7,999.9,70.2,42.1,0.0
2022-12-24,35.6,58.6,6.7,5.1,11.7,999.9,71.6,43.0,0.0
2022-12-25,40.1,58.1,6.7,3.1,5.8,999.9,71.6,41.0,0.0
2022-12-26,44.7,58.9,6.4,3.1,5.8,999.9,70.0,43.2,0.0
2022-12-27,44.4,61.8,6.7,3.8,7.8,999.9,71.6,44.8,0.0
2022-12-28,40.2,58.9,6.7,9.9,15.5,999.9,71.2,48.2,0.0
2022-12-29,40.6,55.8,6.6,9.0,13.6,999.9,68.2,46.2,0.0
2022-12-30,40.7,53.1,6.5,10.4,15.5,999.9,65.3,42.6,0.0
2022-12-31,43.0,53.4,6.7,7.9,13.6,999.9,63.1,41.9,0.0
2023-01-01,46.3,59.2,6.7,7.4,9.7,999.9,68.0,45.3,0.0
2023-01-02,47.9,60.1,6.6,11.3,15.5,21.4,67.1,47.7,0.01
2023-01-03,48.1,59.0,6.0,9.2,11.7,999.9,66.7,51.4,0.04
2023-01-04,51.6,59.9,6.6,3.6,7.8,999.9,66.7,51.4,0.0
2023-01-05,55.6,66.5,6.3,4.9,9.7,999.9,75.2,53.8,0.0
2023-01-06,51.3,65.3,6.7,9.1,15.5,999.9,75.2,55.4,0.0
2023-01-07,50.2,65.9,6.7,3.6,7.8,999.9,77.0,54.0,0.0
2023-01-08,57.7,60.1,5.1,3.6,7.8,999.9,75.2,54.9,0.11
2023-01-09,60.3,60.4,4.0,3.0,7.8,999.9,69.1,57.2,0.31
2023-01-10,59.9,62.6,5.8,4.1,7.8,999.9,66.2,57.6,0.17
2023-01-11,62.0,62.7,4.5,3.6,5.8,999.9,65.3,59.0,0.33
2023-01-12,65.4,65.5,2.7,2.1,5.8,999.9,68.0,59.5,0.18
2023-01-13,70.0,71.5,5.1,5.1,7.8,999.9,78.8,63.0,0.24
2023-01-14,64.7,70.5,5.9,6.6,13.6,999.9,82.4,53.6,0.0
2023-01-15,43.5,49.2,6.5,13.3,19.4,999.9,55.9,44.6,0.0
2023-01-16,37.3,47.3,6.7,10.1,13.6,999.9,55.9,44.2,0.0
2023-01-17,37.3,48.7,6.7,9.1,11.7,999.9,50.4,44.4,0.0
2023-01-18,37.8,52.5,6.7,6.2,13.6,999.9,61.7,42.4,0.0
2023-01-19,42.3,57.1,6.7,5.4,9.7,999.9,67.6,42.4,0.0
2023-01-20,45.8,61.7,6.7,3.8,9.7,999.9,70.9,46.0,0.0
2023-01-21,55.0,65.3,5.8,3.6,7.8,999.9,75.2,49.8,0.0
2023-01-22,61.0,67.8,4.8,2.8,5.8,999.9,77.0,54.7,0.0
2023-01-23,51.9,61.4,5.2,11.9,19.4,999.9,76.6,52.2,0.0
2023-01-24,31.2,52.6,6.7,14.8,25.3,36.9,73.0,39.6,0.0
2023-01-25,31.8,49.2,6.7,4.5,9.7,999.9,59.5,39.6,0.0
2023-01-26,45.1,56.9,6.6,7.6,17.5,999.9,66.6,43.9,0.0
2023-01-27,30.1,52.2,6.7,14.3,21.4,29.1,66.6,44.6,0.0
2023-01-28,21.6,51.7,6.7,9.3,15.5,999.9,61.9,37.2,0.0
2023-01-29,25.4,52.1,6.7,6.0,13.6,999.9,63.5,36.3,0.0
2023-01-30,36.6,57.5,6.7,2.8,7.8,999.9,71.6,35.2,0.0
2023-01-31,50.3,64.7,6.5,3.7,9.7,999.9,77.0,37.8,0.0
2023-02-01,61.4,69.6,6.7,3.1,5.8,999.9,80.6,45.1,0.0
2023-02-02,62.0,72.1,6.2,4.3,9.7,999.9,84.2,57.6,0.0
2023-02-03,59.3,65.0,4.5,3.6,7.8,999.9,80.8,57.9,0.06
2023-02-04,59.6,60.9,3.9,4.3,5.8,999.9,72.3,59.0,0.24
2023-02-05,58.7,59.1,4.8,4.3,9.7,999.9,64.9,57.2,1.25
2023-02-06,63.3,64.9,4.4,2.6,5.8,999.9,69.8,58.6,0.0
2023-02-07,63.8,67.0,5.2,3.8,9.7,999.9,73.4,59.5,0.0
2023-02-08,65.3,68.5,4.6,2.8,7.8,999.9,73.4,62.6,0.05
2023-02-09,66.4,70.0,4.5,3.8,7.8,999.9,78.3,64.4,0.0
2023-02-10,63.1,65.0,5.5,3.4,5.8,999.9,78.3,64.4,0.02
2023-02-11,67.2,72.1,6.4,6.6,11.7,999.9,78.8,64.4,0.0
2023-02-12,69.3,74.6,6.4,7.4,15.5,999.9,82.4,67.3,0.0
2023-02-13,59.1,64.5,6.7,10.0,19.4,999.9,80.6,53.6,0.12
2023-02-14,44.4,55.3,6.7,13.0,17.5,999.9,78.6,47.8,0.0
2023-02-15,41.8,55.2,6.7,9.3,13.6,999.9,66.9,46.2,0.0
2023-02-16,47.2,59.7,6.7,3.1,7.8,999.9,69.8,46.4,0.0
2023-02-17,55.5,65.8,6.1,3.2,7.8,999.9,75.2,48.2,0.0
2023-02-18,60.5,71.2,5.8,3.2,7.8,999.9,82.4,53.4,0.0
2023-02-19,55.2,70.0,6.6,11.7,17.5,23.3,82.4,55.9,0.0
2023-02-20,47.9,67.4,6.7,6.0,11.7,999.9,81.7,52.7,0.0
2023-02-21,51.5,66.1,6.6,5.4,9.7,999.9,77.7,51.4,0.0
2023-02-22,51.5,64.9,6.3,4.2,5.8,999.9,75.2,50.4,0.0
2023-02-23,54.2,66.3,5.3,3.0,5.8,13.6,75.9,51.4,0.0
2023-02-24,48.9,63.5,5.7,12.2,17.5,999.9,76.5,52.5,0.0
2023-02-25,42.2,57.6,6.7,13.7,19.4,25.3,76.5,50.2,0.0
2023-02-26,43.2,59.9,6.4,6.6,11.7,999.9,70.0,46.8,0.0
2023-02-27,46.3,62.1,5.6,2.9,5.8,999.9,73.4,45.9,0.0
2023-02-28,52.0,64.6,5.8,2.6,3.9,999.9,77.0,48.6,0.0
2023-03-01,53.5,71.1,6.1,4.4,11.7,17.5,82.4,50.5,0.0
2023-03-02,52.1,69.2,5.8,4.8,11.7,15.5,81.7,53.2,0.0
2023-03-03,54.1,71.0,5.2,6.3,11.7,999.9,77.5,54.0,0.0
2023-03-04,53.4,68.3,6.3,4.8,9.7,999.9,80.6,54.3,0.0
2023-03-05,50.7,69.2,5.9,4.0,7.8,999.9,82.4,52.2,0.0
2023-03-06,47.7,69.7,6.0,3.9,7.8,999.9,80.6,51.8,0.0
2023-03-07,49.3,69.7,6.5,4.0,9.7,999.9,82.4,51.8,0.0
2023-03-08,60.5,72.3,6.5,3.3,7.8,11.7,78.8,54.0,0.0
2023-03-09,62.7,75.1,5.9,3.9,9.7,999.9,87.8,56.8,0.0
2023-03-10,58.7,74.0,5.5,4.9,9.7,999.9,84.2,56.8,0.0
2023-03-11,62.3,73.9,6.3,4.3,7.8,15.5,82.4,56.3,0.0
2023-03-12,56.2,70.2,5.8,12.5,19.4,999.9,80.4,60.1,0.0
2023-03-13,46.1,65.9,6.7,6.2,11.7,999.9,77.0,53.2,0.0
2023-03-14,58.1,69.3,6.0,5.7,11.7,999.9,77.0,52.2,0.0
2023-03-15,63.6,72.0,5.2,3.5,5.8,999.9,79.3,55.4,0.0
2023-03-16,61.2,73.5,5.5,4.5,9.7,11.7,84.2,59.2,0.0
2023-03-17,64.9,74.9,6.3,4.1,9.7,999.9,84.2,59.2,0.0
2023-03-18,65.5,75.1,5.3,5.5,9.7,999.9,84.2,63.3,0.0
2023-03-19,66.2,73.4,6.7,6.2,9.7,999.9,82.4,66.0,0.0
2023-03-20,68.6,74.9,6.7,7.6,11.7,999.9,78.8,68.9,0.0
2023-03-21,71.7,74.9,6.2,6.2,9.7,999.9,75.7,70.3,0.0
2023-03-22,73.6,77.4,5.7,6.6,9.7,999.9,80.6,72.0,0.0
2023-03-23,72.6,79.3,6.3,8.8,13.6,999.9,84.2,73.6,0.0
2023-03-24,69.3,70.5,5.7,5.7,9.7,999.9,82.4,67.3,1.63
2023-03-25,65.1,65.9,4.9,6.4,15.5,999.9,75.4,58.5,1.78
2023-03-26,56.4,59.1,5.9,6.6,11.7,999.9,75.0,55.0,0.69
2023-03-27,55.7,58.3,5.7,4.7,11.7,999.9,60.8,55.0,0.36
2023-03-28,58.4,59.8,6.0,3.9,7.8,999.9,60.8,55.0,0.32
2023-03-29,62.1,62.1,4.1,4.1,7.8,999.9,64.8,57.7,0.2
2023-03-30,63.1,63.5,4.4,4.0,7.8,999.9,66.2,59.7,1.18
2023-03-31,63.9,64.0,3.3,4.2,7.8,999.9,66.2,61.7,0.19
2023-04-01,67.3,68.6,5.3,3.0,5.8,999.9,73.4,62.6,0.09
2023-04-02,68.8,71.2,4.2,4.7,7.8,999.9,73.4,64.8,0.37
2023-04-03,69.2,73.2,6.1,6.1,9.7,999.9,77.0,67.6,0.0
2023-04-04,73.6,75.3,5.4,6.4,11.7,999.9,77.0,73.4,99.99
2023-04-05,73.5,74.2,5.2,5.7,13.6,999.9,80.6,71.6,0.12
2023-04-06,64.2,68.7,5.6,8.7,19.4,21.4,84.2,60.8,0.1
2023-04-07,55.8,70.3,6.7,9.1,15.5,999.9,83.5,60.8,0.0
2023-04-08,53.8,65.4,6.7,6.2,13.6,999.9,79.0,59.0,0.01
2023-04-09,59.9,68.7,6.0,2.5,5.8,999.9,75.2,58.3,0.02
2023-04-10,63.5,70.1,6.0,2.8,3.9,999.9,74.1,59.4,0.06
2023-04-11,70.2,75.9,6.6,3.3,7.8,999.9,82.4,63.3,0.0
2023-04-12,70.5,79.7,6.5,4.2,9.7,999.9,87.8,67.5,0.0
2023-04-13,69.8,77.2,6.7,4.3,9.7,999.9,83.1,70.9,0.0
2023-04-14,72.1,77.7,5.3,4.1,7.8,13.6,80.6,69.8,0.0
2023-04-15,68.9,78.1,6.3,7.2,15.5,999.9,88.2,65.5,0.0
2023-04-16,69.7,82.2,6.4,4.1,7.8,999.9,93.2,64.8,0.0
2023-04-17,72.9,82.8,6.2,7.9,13.6,999.9,91.4,66.7,0.0
2023-04-18,76.2,80.2,6.1,7.4,11.7,999.9,88.3,74.1,0.05
2023-04-19,74.0,77.4,5.5,4.7,15.5,999.9,84.2,70.9,0.4
2023-04-20,75.2,82.7,5.5,4.6,7.8,999.9,91.4,70.5,0.01
2023-04-21,73.9,76.3,6.2,5.5,9.7,999.9,88.0,72.5,0.12
2023-04-22,73.2,78.2,6.7,6.5,11.7,999.9,82.4,72.5,0.0
2023-04-23,74.1,79.9,6.2,6.5,11.7,999.9,87.8,73.0,0.0
2023-04-24,65.6,67.4,5.7,7.9,13.6,19.4,83.5,63.3,1.21
2023-04-25,57.5,62.4,6.7,9.8,13.6,999.9,77.9,57.4,0.0
2023-04-26,59.3,70.1,6.7,5.4,13.6,999.9,78.8,57.4,0.0
2023-04-27,67.6,75.5,6.7,5.3,9.7,999.9,82.4,59.9,0.0
2023-04-28,72.7,79.5,6.5,4.6,9.7,999.9,86.0,66.0,0.0
2023-04-29,65.6,71.5,6.0,8.7,13.6,21.4,82.9,64.6,0.5
2023-04-30,64.5,75.8,6.7,4.9,9.7,13.6,84.6,64.2,0.0
2023-05-01,68.6,76.3,6.7,4.0,7.8,999.9,84.6,66.7,0.0
2023-05-02,69.3,78.2,6.7,4.4,9.7,999.9,84.2,68.0,0.0
2023-05-03,74.4,81.2,6.7,6.9,11.7,999.9,89.6,70.5,0.0
2023-05-04,75.3,83.9,6.7,8.1,13.6,19.4,93.2,76.1,0.0
2023-05-05,76.9,83.3,6.7,7.9,11.7,999.9,89.6,77.7,0.0
2023-05-06,78.3,83.2,6.2,5.6,13.6,999.9,86.0,75.2,0.0
2023-05-07,70.2,74.0,5.9,8.7,19.4,999.9,84.6,68.4,0.97
2023-05-08,66.7,71.9,6.0,4.9,11.7,999.9,78.1,66.9,0.06
2023-05-09,69.5,75.2,6.3,3.9,5.8,999.9,80.6,66.9,0.0
2023-05-10,68.7,76.5,6.5,3.9,7.8,999.9,80.6,69.1,0.0
2023-05-11,68.7,69.8,4.7,4.0,7.8,999.9,79.2,68.0,0.33
2023-05-12,69.1,70.6,5.5,3.6,7.8,999.9,74.1,67.5,0.27
2023-05-13,69.6,74.7,4.9,3.6,5.8,999.9,78.8,67.6,0.03
2023-05-14,68.8,74.8,5.4,3.6,7.8,999.9,84.2,66.2,0.02
2023-05-15,71.5,80.4,5.2,4.0,7.8,999.9,86.4,66.0,0.0
2023-05-16,74.3,80.7,5.9,8.0,11.7,999.9,86.4,72.1,0.0
2023-05-17,77.8,80.6,6.2,4.7,15.5,999.9,91.4,75.2,0.02
2023-05-18,78.5,84.5,5.3,4.7,21.4,999.9,95.9,74.8,1.54
2023-05-19,79.7,84.2,5.9,5.0,17.5,999.9,95.9,74.8,0.0
2023-05-20,80.7,87.6,6.3,7.0,13.6,999.9,93.2,77.9,0.17
2023-05-21,79.1,89.7,6.7,8.8,15.5,999.9,96.8,81.3,0.0
2023-05-22,75.5,83.1,6.6,7.3,13.6,999.9,95.0,69.8,1.23
2023-05-23,73.7,77.1,5.7,6.0,11.7,999.9,93.2,68.0,1.78
2023-05-24,75.5,76.6,6.5,3.4,7.8,999.9,81.1,68.5,2.3
2023-05-25,78.8,85.0,6.2,6.0,9.7,999.9,93.2,72.9,0.0
2023-05-26,78.8,86.8,6.7,6.3,11.7,999.9,96.8,77.2,0.0
2023-05-27,76.9,87.8,6.7,5.4,9.7,999.9,96.8,75.2,0.0
2023-05-28,77.6,86.9,6.7,3.4,5.8,999.9,95.0,74.8,0.0
2023-05-29,78.7,88.8,6.6,3.7,5.8,15.5,96.8,75.2,0.0
2023-05-30,78.7,94.2,6.1,5.7,9.7,19.4,104.0,76.3,0.0
2023-05-31,79.7,92.8,6.7,6.2,11.7,17.5,102.2,79.9,0.0
2023-06-01,79.9,88.7,6.7,4.0,9.7,999.9,100.2,78.4,0.04
2023-06-02,80.6,91.6,6.5,4.6,9.7,999.9,102.2,78.1,0.0
2023-06-03,79.5,89.7,6.6,5.3,11.7,21.4,100.4,78.8,0.0
2023-06-04,79.6,85.2,6.5,4.7,7.8,999.9,97.9,77.2,0.65
2023-06-05,78.8,83.4,6.5,4.6,9.7,999.9,92.7,75.4,0.87
2023-06-06,78.3,81.6,6.6,5.4,13.6,999.9,93.2,75.4,0.26
2023-06-07,79.9,81.7,6.4,5.1,9.7,999.9,91.4,76.6,1.68
2023-06-08,79.5,80.9,6.4,3.6,9.7,999.9,89.6,76.8,0.84
2023-06-09,79.7,83.8,6.2,4.7,9.7,21.4,91.4,75.9,3.26
2023-06-10,79.9,84.0,6.7,4.6,13.6,999.9,93.0,75.7,0.47
2023-06-11,78.1,88.0,6.7,3.9,7.8,999.9,95.0,76.3,0.0
2023-06-12,79.0,89.8,6.7,4.5,7.8,999.9,98.6,77.7,0.0
2023-06-13,79.4,84.7,6.6,5.5,15.5,29.1,97.5,77.5,0.42
2023-06-14,77.9,79.9,5.7,4.9,9.7,999.9,95.2,75.0,2.41
2023-06-15,78.0,84.1,6.2,5.0,7.8,999.9,89.6,80.6,0.0
2023-06-16,79.2,81.1,6.0,5.1,15.5,999.9,86.0,77.0,99.99
2023-06-17,78.6,80.2,6.2,5.5,13.6,999.9,86.0,77.0,99.99
2023-06-18,78.6,80.4,6.1,4.5,17.5,27.2,91.4,75.2,99.99
2023-06-19,78.8,85.4,6.2,6.1,13.6,999.9,91.4,80.6,99.99
2023-06-20,79.0,88.6,6.2,6.6,9.7,999.9,95.0,84.2,99.99
2023-06-21,78.2,88.8,6.2,7.0,11.7,999.9,96.8,80.1,0.0
2023-06-22,77.5,89.3,6.7,9.1,11.7,999.9,96.8,82.8,0.0
2023-06-23,76.3,78.7,6.3,5.4,13.6,31.1,93.4,73.9,1.62
2023-06-24,77.3,80.5,6.7,5.1,11.7,999.9,88.3,73.9,1.17
2023-06-25,78.0,82.5,6.6,6.0,15.5,23.3,91.4,74.1,0.13
2023-06-26,76.9,81.9,6.4,3.9,13.6,25.3,93.2,75.6,0.04
2023-06-27,77.7,86.4,6.7,4.9,9.7,999.9,96.8,75.6,0.02
2023-06-28,78.1,83.7,6.7,4.9,11.7,21.4,92.7,77.0,0.07
2023-06-29,78.3,88.9,6.7,5.0,11.7,999.9,96.8,76.8,0.0
2023-06-30,78.4,89.5,6.2,5.5,9.7,17.5,96.8,79.5,0.0
2023-07-01,78.5,87.0,6.7,5.3,13.6,999.9,96.8,79.7,0.04
2023-07-02,78.3,81.9,6.4,4.7,13.6,999.9,91.9,78.3,0.59
2023-07-03,77.7,82.2,6.2,4.9,13.6,17.5,91.4,76.8,0.18
2023-07-04,78.7,82.4,6.6,4.6,11.7,999.9,90.0,76.8,0.32
2023-07-05,77.5,88.4,6.7,7.1,11.7,999.9,96.8,77.2,0.0
2023-07-06,76.4,89.0,7.2,9.6,13.6,999.9,96.8,79.9,0.0
2023-07-07,76.1,89.6,6.7,9.0,13.6,999.9,96.8,81.9,0.0
2023-07-08,76.3,90.0,6.7,7.9,11.7,999.9,96.8,79.5,0.0
2023-07-09,76.8,89.8,6.7,7.1,9.7,999.9,96.8,79.3,0.0
2023-07-10,76.2,89.9,6.7,7.0,9.7,999.9,98.6,79.3,0.0
2023-07-11,75.3,90.6,6.7,7.6,11.7,999.9,98.6,79.3,0.0
2023-07-12,76.4,90.9,6.7,6.5,11.7,999.9,100.4,78.3,0.0
2023-07-13,72.8,91.2,7.2,5.3,9.7,999.9,100.4,78.4,0.0
2023-07-14,73.6,92.7,6.7,4.0,7.8,999.9,102.2,77.9,0.0
2023-07-15,74.1,94.1,6.7,6.1,17.5,999.9,104.0,77.0,0.06
2023-07-16,77.0,86.5,6.5,9.2,19.4,999.9,102.2,77.0,0.26
2023-07-17,77.3,81.8,5.6,10.5,17.5,25.3,97.2,77.5,1.33
2023-07-18,78.7,81.2,6.3,6.1,17.5,27.2,89.6,77.5,1.06
2023-07-19,78.7,84.4,6.5,5.2,15.5,999.9,96.8,77.7,0.05
2023-07-20,79.1,86.4,6.7,3.1,7.8,999.9,95.0,77.7,0.26
2023-07-21,77.3,89.3,6.7,4.5,7.8,13.6,96.8,77.4,0.0
2023-07-22,77.2,88.5,6.7,4.5,9.7,999.9,96.8,77.4,0.0
2023-07-23,76.5,89.5,6.7,4.2,11.7,999.9,96.8,77.4,0.0
2023-07-24,76.0,90.6,6.7,4.3,9.7,15.5,98.6,78.4,0.0
2023-07-25,75.3,90.6,6.7,4.5,9.7,13.6,99.0,78.3,0.0
2023-07-26,75.2,92.4,6.7,7.3,11.7,17.5,100.4,79.0,0.0
2023-07-27,74.8,91.8,6.7,9.0,15.5,999.9,99.1,79.3,0.0
2023-07-28,75.9,91.5,6.7,5.9,11.7,999.9,100.4,79.3,0.0
2023-07-29,79.2,86.7,6.2,6.9,15.5,17.5,98.4,78.8,2.93
2023-07-30,78.0,81.9,6.1,4.4,11.7,25.3,91.6,78.4,0.22
2023-07-31,77.7,85.7,6.7,4.8,9.7,999.9,93.2,76.8,0.3
2023-08-01,77.3,86.2,6.7,5.3,9.7,999.9,95.0,76.5,0.0
2023-08-02,76.8,87.5,6.7,3.2,5.8,999.9,98.6,75.9,0.0
2023-08-03,76.0,91.1,6.7,4.0,7.8,999.9,100.4,75.9,0.0
2023-08-04,78.6,89.9,6.6,5.8,17.5,27.2,98.6,79.7,0.03
2023-08-05,76.4,90.8,6.7,7.5,11.7,999.9,96.8,79.9,0.0
2023-08-06,75.2,90.3,6.7,6.6,13.6,999.9,96.8,79.0,0.0
2023-08-07,75.7,88.1,6.7,4.9,7.8,15.5,95.0,77.2,0.04
2023-08-08,75.4,89.1,6.7,5.8,11.7,999.9,95.0,77.0,0.0
2023-08-09,76.6,88.5,6.7,5.3,11.7,999.9,96.8,78.8,0.0
2023-08-10,77.0,81.2,6.4,5.1,17.5,999.9,95.9,74.7,0.52
2023-08-11,76.4,83.5,6.7,4.1,9.7,15.5,93.2,73.6,0.0
2023-08-12,77.5,86.8,6.7,5.6,13.6,19.4,96.8,78.1,0.08
2023-08-13,78.4,85.8,6.6,4.8,9.7,999.9,95.0,78.1,0.0
2023-08-14,79.8,84.4,6.4,5.3,11.7,999.9,95.0,77.9,1.09
2023-08-15,79.9,83.8,6.6,3.8,5.8,999.9,93.2,77.0,0.18
2023-08-16,79.6,88.6,6.7,4.1,7.8,999.9,95.0,78.3,0.0
2023-08-17,78.9,82.0,5.8,4.1,19.4,31.1,93.2,75.2,0.92
2023-08-18,80.5,85.3,4.9,3.9,9.7,999.9,93.2,77.0,0.16
2023-08-19,78.9,86.1,5.3,5.3,17.5,29.1,98.6,78.8,0.0
2023-08-20,79.1,83.7,6.4,5.5,9.7,999.9,95.2,78.1,0.59
2023-08-21,77.8,82.4,6.5,4.3,11.7,21.4,95.0,75.2,0.76
2023-08-22,79.4,86.3,6.3,3.7,9.7,21.4,95.0,76.5,0.09
2023-08-23,79.3,83.6,6.5,4.0,9.7,999.9,92.3,77.0,0.83
2023-08-24,79.2,83.4,6.5,4.7,9.7,999.9,89.6,78.1,0.54
2023-08-25,79.3,84.6,6.1,4.8,11.7,15.5,91.4,77.2,0.72
2023-08-26,80.1,84.8,6.6,5.0,7.8,999.9,91.4,77.4,0.14
2023-08-27,80.0,86.7,6.1,6.2,9.7,999.9,95.0,78.8,0.05
2023-08-28,78.4,84.0,5.8,4.9,11.7,17.5,95.0,75.2,2.61
2023-08-29,73.3,80.9,6.7,9.4,13.6,999.9,94.1,75.2,0.0
2023-08-30,71.5,82.5,6.7,10.8,19.4,999.9,88.3,74.7,0.0
2023-08-31,73.1,84.0,6.7,10.8,19.4,999.9,91.4,76.1,0.0
2023-09-01,74.4,80.6,6.6,13.4,19.4,999.9,90.3,75.0,1.71
2023-09-02,77.9,79.2,5.2,5.9,13.6,999.9,82.6,75.0,1.28
2023-09-03,77.3,85.6,6.7,7.0,11.7,999.9,93.2,76.1,0.0
2023-09-04,73.7,87.8,6.7,8.9,13.6,999.9,95.0,77.2,0.0
2023-09-05,73.8,86.6,6.7,8.7,17.5,19.4,93.2,77.9,0.0
2023-09-06,77.1,81.4,6.3,6.2,11.7,999.9,90.1,77.0,0.0
2023-09-07,78.0,78.5,4.0,5.8,9.7,999.9,85.3,75.2,6.79
2023-09-08,77.0,77.2,5.4,4.9,7.8,999.9,79.5,75.2,1.3
2023-09-09,77.0,79.6,5.8,6.1,13.6,999.9,87.8,75.2,0.28
2023-09-10,77.2,78.9,6.2,5.5,9.7,999.9,85.3,76.1,0.1
2023-09-11,77.2,79.5,6.4,4.4,19.4,999.9,87.8,76.1,0.34
2023-09-12,77.7,83.4,6.7,4.9,7.8,999.9,89.6,76.3,0.06
2023-09-13,78.7,82.9,6.6,4.3,5.8,999.9,91.4,77.5,0.02
2023-09-14,77.6,78.7,5.8,4.4,11.7,999.9,87.1,75.2,2.15
2023-09-15,76.6,77.7,6.6,3.6,7.8,999.9,83.8,74.8,1.5
2023-09-16,77.2,83.1,6.7,4.0,7.8,999.9,91.4,74.5,0.85
2023-09-17,77.8,85.3,6.7,4.0,7.8,999.9,95.0,75.0,0.0
2023-09-18,76.9,87.7,6.4,3.6,7.8,11.7,96.8,75.7,0.0
2023-09-19,76.1,89.2,6.9,3.5,5.8,999.9,96.8,75.9,0.0
2023-09-20,77.0,88.0,6.2,3.2,3.9,999.9,96.8,75.7,0.0
2023-09-21,78.1,90.3,6.2,3.9,7.8,13.6,100.4,84.2,0.0
2023-09-22,78.2,86.3,5.6,4.5,7.8,999.9,93.2,80.6,99.99
2023-09-23,77.6,86.6,5.9,4.4,11.7,999.9,98.6,77.0,99.99
2023-09-24,77.1,87.3,6.2,4.9,7.8,999.9,96.8,77.7,0.0
2023-09-25,77.3,86.4,6.2,4.8,13.6,999.9,95.0,77.2,0.3
2023-09-26,76.2,87.9,6.2,5.0,9.7,999.9,96.8,75.2,0.0
2023-09-27,77.5,87.6,6.7,3.6,7.8,999.9,96.8,76.5,0.14
2023-09-28,77.8,86.5,6.2,4.1,11.7,999.9,94.1,77.7,0.03
2023-09-29,77.7,87.4,6.7,4.2,7.8,999.9,96.8,77.4,0.0
2023-09-30,77.9,87.4,6.7,3.4,9.7,999.9,96.8,77.4,0.0
2023-10-01,76.8,88.3,6.1,5.7,11.7,999.9,100.4,75.9,0.83
2023-10-02,78.9,82.0,6.6,3.3,11.7,999.9,94.8,75.9,0.63
2023-10-03,78.1,87.2,6.1,3.6,7.8,13.6,95.0,76.6,0.0
2023-10-04,75.2,87.7,6.3,6.1,13.6,999.9,95.2,77.5,0.0
2023-10-05,67.5,83.8,6.7,11.9,15.5,21.4,95.2,77.0,0.0
2023-10-06,65.8,80.5,6.7,11.6,15.5,999.9,90.3,71.1,0.0
2023-10-07,65.8,73.7,6.6,12.1,17.5,23.3,87.4,67.1,0.19
2023-10-08,64.8,73.9,6.7,14.6,17.5,27.2,78.8,67.1,0.06
2023-10-09,66.7,72.8,6.7,11.3,15.5,999.9,77.0,67.5,0.2
2023-10-10,65.7,73.8,6.7,10.0,15.5,999.9,78.8,67.5,0.0
2023-10-11,63.9,74.9,6.7,7.8,11.7,999.9,80.6,66.9,0.0
2023-10-12,64.7,79.3,6.7,6.2,9.7,999.9,86.0,66.9,0.0
2023-10-13,64.2,77.7,6.7,7.0,13.6,999.9,84.9,67.5,0.0
2023-10-14,64.1,79.5,6.7,6.6,11.7,19.4,86.4,67.5,0.0
2023-10-15,62.1,78.0,6.7,5.5,9.7,999.9,86.4,65.8,0.0
2023-10-16,57.7,78.2,6.7,6.1,11.7,17.5,87.8,64.9,0.0
2023-10-17,64.6,78.4,6.7,5.4,11.7,19.4,86.0,64.9,0.0
2023-10-18,71.5,75.4,5.2,4.6,7.8,999.9,83.3,71.1,0.22
2023-10-19,75.0,76.3,4.4,4.1,7.8,999.9,79.7,72.5,0.13
2023-10-20,64.9,70.0,6.0,11.7,17.5,999.9,77.2,63.1,0.08
2023-10-21,59.1,63.6,6.6,8.3,15.5,999.9,75.9,59.9,0.05
2023-10-22,63.5,67.6,6.3,4.1,7.8,999.9,74.7,59.9,0.0
2023-10-23,69.5,77.0,6.7,3.9,5.8,999.9,85.1,61.7,0.0
2023-10-24,71.8,82.0,6.7,3.3,5.8,13.6,93.2,68.2,0.0
2023-10-25,73.4,82.7,5.4,3.0,3.9,999.9,91.9,70.3,0.0
2023-10-26,72.2,81.4,4.8,3.4,7.8,999.9,90.5,70.7,0.0
2023-10-27,71.8,78.6,5.6,4.5,9.7,999.9,88.5,70.3,0.0
2023-10-28,72.0,78.8,5.8,4.1,5.8,999.9,87.1,72.5,0.07
2023-10-29,71.5,75.0,5.8,4.0,7.8,999.9,84.0,70.9,0.02
2023-10-30,65.2,76.1,6.1,5.7,11.7,999.9,86.0,64.8,0.0
2023-10-31,63.4,76.8,6.7,5.0,9.7,999.9,86.0,64.2,0.0
2023-11-01,62.7,76.7,6.3,3.6,5.8,999.9,87.8,63.9,0.0
2023-11-02,68.6,77.0,5.8,3.5,5.8,999.9,86.5,64.9,0.0
2023-11-03,71.1,79.2,5.4,3.4,5.8,999.9,89.6,68.2,0.0
2023-11-04,71.2,80.1,4.9,3.7,5.8,999.9,89.6,69.3,0.0
2023-11-05,71.1,80.3,6.2,4.2,7.8,999.9,89.6,68.9,0.0
2023-11-06,58.9,78.6,7.2,9.7,19.4,999.9,86.7,65.1,0.0
2023-11-07,58.5,76.9,6.7,5.1,7.8,999.9,85.3,65.1,0.0
2023-11-08,69.3,76.2,5.8,4.2,5.8,999.9,83.5,69.1,0.0
2023-11-09,71.6,78.9,6.1,3.1,5.8,999.9,83.7,70.7,0.0
2023-11-10,73.3,78.3,6.1,3.9,7.8,999.9,86.4,71.1,0.76
2023-11-11,69.2,73.6,6.2,5.9,11.7,999.9,86.4,69.4,0.04
2023-11-12,56.2,69.1,6.7,13.5,17.5,999.9,78.1,61.0,0.0
2023-11-13,51.1,62.8,6.7,11.6,15.5,999.9,78.1,56.5,0.0
2023-11-14,51.0,62.6,6.7,7.2,11.7,999.9,70.2,56.5,0.0
2023-11-15,56.9,67.8,6.7,5.3,15.5,999.9,77.0,55.4,0.0
2023-11-16,47.9,60.7,6.7,10.5,17.5,999.9,77.0,52.7,0.0
2023-11-17,36.8,62.1,6.7,8.7,17.5,999.9,71.6,47.1,0.0
2023-11-18,42.4,65.2,6.7,5.7,13.6,999.9,76.5,46.0,0.0
2023-11-19,48.4,65.4,6.4,3.2,5.8,999.9,76.5,51.8,0.0
2023-11-20,52.2,67.2,6.7,3.2,5.8,999.9,80.6,51.4,0.0
2023-11-21,54.8,68.3,6.7,3.8,5.8,999.9,82.4,53.2,0.0
2023-11-22,59.0,70.0,6.0,3.6,5.8,999.9,81.0,55.8,0.0
2023-11-23,61.9,72.0,6.0,3.4,5.8,999.9,84.2,58.1,0.0
2023-11-24,59.4,72.6,6.4,4.4,7.8,999.9,82.6,59.2,0.0
2023-11-25,59.0,70.5,5.9,4.0,5.8,999.9,82.4,57.6,0.0
2023-11-26,59.7,70.6,5.6,4.0,7.8,17.5,80.6,57.0,0.0
2023-11-27,55.9,71.2,6.0,5.7,13.6,999.9,80.8,59.0,0.0
2023-11-28,55.8,71.0,6.7,3.2,5.8,999.9,80.8,57.4,0.0
2023-11-29,61.9,70.4,6.0,3.9,7.8,999.9,80.1,60.6,0.02
2023-11-30,58.5,69.5,6.6,11.4,15.5,999.9,78.3,60.8,0.0
2023-12-01,44.8,61.4,6.4,11.0,15.5,999.9,78.3,54.9,0.0
2023-12-02,48.6,65.5,6.7,5.2,9.7,999.9,72.9,53.2,0.0
2023-12-03,53.7,65.6,6.7,4.5,11.7,999.9,72.9,56.1,0.0
2023-12-04,55.1,63.8,6.7,6.8,11.7,999.9,72.1,58.5,0.0
2023-12-05,56.4,67.3,6.7,3.5,7.8,999.9,75.7,58.5,0.0
2023-12-06,54.0,62.9,6.0,5.1,9.7,999.9,75.7,51.6,0.04
2023-12-07,47.4,64.2,6.7,3.2,5.8,999.9,77.0,49.1,0.0
2023-12-08,53.1,68.9,6.7,3.5,7.8,999.9,80.6,48.9,0.0
2023-12-09,66.7,74.6,5.9,4.4,7.8,999.9,80.6,51.8,0.0
2023-12-10,67.8,76.7,6.4,3.9,9.7,999.9,86.0,63.5,0.0
2023-12-11,67.9,76.0,5.3,3.9,11.7,999.9,85.8,65.1,0.0
2023-12-12,57.3,69.1,6.4,8.3,11.7,999.9,84.6,62.4,0.0
2023-12-13,61.5,67.5,6.0,3.8,5.8,999.9,77.7,62.4,0.0
2023-12-14,68.6,74.1,4.0,3.2,3.9,999.9,78.8,63.1,0.0
2023-12-15,65.1,73.7,4.8,6.7,23.3,33.0,87.8,51.8,0.04
2023-12-16,39.9,49.5,6.6,15.3,23.3,29.1,55.4,41.0,0.02
2023-12-17,39.6,46.9,6.7,8.4,13.6,999.9,53.2,41.5,0.0
2023-12-18,45.4,49.9,6.7,7.5,9.7,999.9,55.0,42.1,0.0
2023-12-19,42.7,48.1,6.7,10.1,13.6,999.9,55.0,46.2,0.0
2023-12-20,35.3,48.6,6.7,14.3,19.4,999.9,58.3,40.5,0.0
2023-12-21,28.6,45.8,6.7,15.1,19.4,25.3,58.3,38.7,0.0
2023-12-22,19.8,48.3,6.7,12.0,15.5,999.9,55.4,37.9,0.0
2023-12-23,26.8,47.5,6.7,7.0,11.7,999.9,55.4,37.8,0.0
2023-12-24,20.9,52.5,6.7,9.2,17.5,999.9,62.6,37.8,0.0
2023-12-25,28.3,54.5,6.7,4.9,9.7,999.9,67.1,40.6,0.0
2023-12-26,37.3,58.1,6.7,3.0,5.8,999.9,70.7,41.5,0.0
2023-12-27,46.7,64.1,6.5,3.0,5.8,999.9,75.7,45.3,0.0
2023-12-28,50.2,66.3,6.7,2.9,5.8,999.9,80.6,48.0,0.0
2023-12-29,55.8,70.1,6.2,2.8,5.8,999.9,80.6,53.4,0.04
2023-12-30,63.3,64.7,1.9,2.8,5.8,15.5,79.3,55.0,0.17
2023-12-31,63.1,70.7,4.1,2.9,5.8,999.9,80.6,59.7,0.0